;Mali;Niger;Burkina Faso;Uzbekistan;TFYR Macedna;Syria;Guadeloupe;Qatar;Tajikistan;Bermuda;Kyrgyzstan;Chad;Jordan;Bosnia Herzg;Liberia;Georgia;Ecuador;Mexico;El Salvador;Honduras;Colombia;Venezuela;Egypt;Morocco;Madagascar;Mozambique;Senegal;Tanzania;Canada;USA;Argentina;Chile;Peru;Uruguay;Israel;Japan;Oman;Saudi Arabia;India;Indonesia;Korea Rep.;Pakistan;Philippines;Singapore;Thailand;Taiwan;China;Denmark;France,Monac;Germany;Ireland;Italy;Portugal;Spain;UK;Norway;Sweden;Russian Fed;Australia;New Zealand;Mauritania;Belgium-Lux;Netherlands;Libya;Seychelles;Brazil;Costa Rica;Malaysia;Greece;South Africa;Angola;Zimbabwe;Untd Arab Em;Turkey;Iceland;Switz.Liecht;Tunisia;Ghana;Mauritius;Greenland;Nicaragua;Bahamas;Cuba;Haiti;Jamaica;Trinidad Tbg;Belize;Guyana;Panama;Suriname;Iran;Bangladesh;Myanmar;China HK SAR;Viet Nam;Finland;Estonia;Latvia;Lithuania;Poland;Fiji;Dem.Rp.Congo;Guinea;Kenya;Nigeria;Uganda;Zambia;Slovenia;Guatemala;Barbados;Dominican Rp;Bahrain;Yemen;Cambodia;Sri Lanka;Kazakhstan;Bulgaria;Romania;Croatia;Papua N.Guin;Samoa;Paraguay;Cyprus;Ukraine;Gabon;Cote Divoire;Sierra Leone;Kuwait;Azerbaijan;Korea D P Rp;Malta;Czech Rep;Togo;Bolivia;Nepal;Gibraltar;Yugoslavia;Benin;Belarus;Hungary;Austria;Algeria;Cameroon;Lebanon;Armenia;Slovakia;Albania;Malawi;Ethiopia;Iraq;Mongolia
Mali;0;0;0;0;0;0;0;0;0;0;0;0;0;0;0;0;0;0;0;0;0;0;0;0;0;0;0;0;0;0;0;0;0;0;0;0;0;0;0;0;0;0;0;0;0;0;0;0;0;0;0;0;0;0;0;0;0;0;0;0;0;0;0;0;0;0;0;0;0;0;0;0;0;0;0;0;0;0;0;0;0;0;0;0;0;0;0;0;0;0;0;0;0;0;0;0;0;0;0;0;0;0;0;0;0;0;0;0;0;0;0;0;0;0;0;0;0;0;0;0;0;0;0;0;0;0;0;0;0;0;0;0;0;0;0;0;0;0;0;0;0;0;0;0;0;0;0;0;0;0;0
Niger;0;0;0;0;0;0;0;0;0;0;0;0;0;0;0;0;0;0;0;0;0;0;0;0;0;0;0;0;0;0;0;0;0;0;0;0;0;0;0;0;0;0;0;0;0;0;0;0;0;0;0;0;0;0;0;0;0;0;0;0;0;0;0;0;0;0;0;0;0;0;0;0;0;0;0;0;0;0;0;0;0;0;0;0;0;0;0;0;0;0;0;0;0;0;0;0;0;0;0;0;0;0;0;0;0;0;0;0;0;0;0;0;0;0;0;0;0;0;0;0;0;0;0;0;0;0;0;0;0;0;0;0;0;0;0;0;0;0;0;0;0;0;0;0;0;0;0;0;0;0;0
Burkina Faso;0;0;0;0;0;0;0;0;0;0;0;0;0;0;0;0;0;0;0;0;0;0;0;0;0;0;0;0;0;0;0;0;0;0;0;0;0;0;0;0;0;0;0;0;0;0;0;0;0;0;0;0;0;0;0;0;0;0;0;0;0;0;0;0;0;0;0;0;0;0;0;0;0;0;0;0;0;0;0;0;0;0;0;0;0;0;0;0;0;0;0;0;0;0;0;0;0;0;0;0;0;0;0;0;0;0;0;0;0;0;0;0;0;0;0;0;0;0;0;0;0;0;0;0;0;0;0;0;0;0;0;0;0;0;0;0;0;0;0;0;0;0;0;0;0;0;0;0;0;0;0
Uzbekistan;0;0;0;0;0;0;0;0;0;0;0;0;0;0;0;0;0;0;0;0;0;0;0;0;0;0;0;0;0;0;0;0;0;0;0;0;0;0;0;0;0;0;0;0;0;0;0;0;0;0;0;0;0;0;0;0;0;0;0;0;0;0;0;0;0;0;0;0;0;0;0;0;0;0;0;0;0;0;0;0;0;0;0;0;0;0;0;0;0;0;0;0;0;0;0;0;0;0;0;0;0;0;0;0;0;0;0;0;0;0;0;0;0;0;0;0;0;0;0;0;0;0;0;0;0;0;0;0;0;0;0;0;0;0;0;0;0;0;0;0;0;0;0;0;0;0;0;0;0;0;0
TFYR Macedna;0;0;0;0;0;0;0;0;0;0;0;0;0;0;0;0;0;0;0;0;0;0;0;0;0;0;0;0;0;0;0;0;0;0;0;0;0;0;0;0;0;0;0;0;0;0;0;0;0;0;0;0;0;0;0;0;0;0;0;0;0;0;0;0;0;0;0;0;0;0;0;0;0;0;0;0;0;0;0;0;0;0;0;0;0;0;0;0;0;0;0;0;0;0;0;0;0;0;0;0;0;0;0;0;0;0;0;0;0;0;0;0;0;0;0;0;0;0;0;0;0;0;0;0;0;0;0;0;0;0;0;0;0;0;0;0;0;0;0;0;0;0;0;0;0;0;0;0;0;0;0
Syria;0;0;0;0;0;0;0;0;0;0;0;0;0;0;0;0;0;0;0;0;0;0;0;0;0;0;0;0;0;0;0;0;0;0;0;0;0;0;0;0;0;0;0;0;0;0;0;0;0;0;0;0;0;0;0;0;0;0;0;0;0;0;0;0;0;0;0;0;0;0;0;0;0;0;0;0;0;0;0;0;0;0;0;0;0;0;0;0;0;0;0;0;0;0;0;0;0;0;0;0;0;0;0;0;0;0;0;0;0;0;0;0;0;0;0;0;0;0;0;0;0;0;0;0;0;0;0;0;0;0;0;0;0;0;0;0;0;0;0;0;0;0;0;0;0;0;0;0;0;0;0
Guadeloupe;0;0;0;0;0;0;0;0;0;0;0;0;0;0;0;0;0;0;0;0;0;0;0;0;0;0;0;0;0;0;0;0;0;0;0;0;0;0;0;0;0;0;0;0;0;0;0;0;0;0;0;0;0;0;0;0;0;0;0;0;0;0;0;0;0;0;0;0;0;0;0;0;0;0;0;0;0;0;0;0;0;0;0;0;0;0;0;0;0;0;0;0;0;0;0;0;0;0;0;0;0;0;0;0;0;0;0;0;0;0;0;0;0;0;0;0;0;0;0;0;0;0;0;0;0;0;0;0;0;0;0;0;0;0;0;0;0;0;0;0;0;0;0;0;0;0;0;0;0;0;0
Qatar;0;0;0;0;0;0;0;0;0;0;0;0;0;0;0;0;0;0;0;0;0;0;0;0;0;0;0;0;0;0;0;0;0;0;0;0;0;0;0;0;0;0;0;0;0;0;0;0;0;0;0;0;0;0;0;0;0;0;0;0;0;0;0;0;0;0;0;0;0;0;0;0;0;0;0;0;0;0;0;0;0;0;0;0;0;0;0;0;0;0;0;0;0;0;0;0;0;0;0;0;0;0;0;0;0;0;0;0;0;0;0;0;0;0;0;0;0;0;0;0;0;0;0;0;0;0;0;0;0;0;0;0;0;0;0;0;0;0;0;0;0;0;0;0;0;0;0;0;0;0;0
Tajikistan;0;0;0;0;0;0;0;0;0;0;0;0;0;0;0;0;0;0;0;0;0;0;0;0;0;0;0;0;0;0;0;0;0;0;0;0;0;0;0;0;0;0;0;0;0;0;0;0;0;0;0;0;0;0;0;0;0;0;0;0;0;0;0;0;0;0;0;0;0;0;0;0;0;0;0;0;0;0;0;0;0;0;0;0;0;0;0;0;0;0;0;0;0;0;0;0;0;0;0;0;0;0;0;0;0;0;0;0;0;0;0;0;0;0;0;0;0;0;0;0;0;0;0;0;0;0;0;0;0;0;0;0;0;0;0;0;0;0;0;0;0;0;0;0;0;0;0;0;0;0;0
Bermuda;0;0;0;0;0;0;0;0;0;0;0;0;0;0;0;0;0;0;0;0;0;0;0;0;0;0;0;0;0;0;0;0;0;0;0;0;0;0;0;0;0;0;0;0;0;0;0;0;0;0;0;0;0;0;0;0;0;0;0;0;0;0;0;0;0;0;0;0;0;0;0;0;0;0;0;0;0;0;0;0;0;0;0;0;0;0;0;0;0;0;0;0;0;0;0;0;0;0;0;0;0;0;0;0;0;0;0;0;0;0;0;0;0;0;0;0;0;0;0;0;0;0;0;0;0;0;0;0;0;0;0;0;0;0;0;0;0;0;0;0;0;0;0;0;0;0;0;0;0;0;0
Kyrgyzstan;0;0;0;0;0;0;0;0;0;0;0;0;0;0;0;0;0;0;0;0;0;0;0;0;0;0;0;0;0;0;0;0;0;0;0;0;0;0;0;0;0;0;0;0;0;0;0;0;0;0;0;0;0;0;0;0;0;0;0;0;0;0;0;0;0;0;0;0;0;0;0;0;0;0;0;0;0;0;0;0;0;0;0;0;0;0;0;0;0;0;0;0;0;0;0;0;0;0;0;0;0;0;0;0;0;0;0;0;0;0;0;0;0;0;0;0;0;0;0;0;0;0;0;0;0;0;0;0;0;0;0;0;0;0;0;0;0;0;0;0;0;0;0;0;0;0;0;0;0;0;0
Chad;0;0;0;0;0;0;0;0;0;0;0;0;0;0;0;0;0;0;0;0;0;0;0;0;0;0;0;0;0;0;0;0;0;0;0;0;0;0;0;0;0;0;0;0;0;0;0;0;0;0;0;0;0;0;0;0;0;0;0;0;0;0;0;0;0;0;0;0;0;0;0;0;0;0;0;0;0;0;0;0;0;0;0;0;0;0;0;0;0;0;0;0;0;0;0;0;0;0;0;0;0;0;0;0;0;0;0;0;0;0;0;0;0;0;0;0;0;0;0;0;0;0;0;0;0;0;0;0;0;0;0;0;0;0;0;0;0;0;0;0;0;0;0;0;0;0;0;0;0;0;0
Jordan;0;0;0;0;0;0;0;0;0;0;0;0;0;0;0;0;0;0;0;0;0;0;0;0;0;0;0;0;0;0;0;0;0;0;0;0;0;0;0;0;0;0;0;0;0;0;0;0;0;0;0;0;0;0;0;0;0;0;0;0;0;0;0;0;0;0;0;0;0;0;0;0;0;0;0;0;0;0;0;0;0;0;0;0;0;0;0;0;0;0;0;0;0;0;0;0;0;0;0;0;0;0;0;0;0;0;0;0;0;0;0;0;0;0;0;0;0;0;0;0;0;0;0;0;0;0;0;0;0;0;0;0;0;0;0;0;0;0;0;0;0;0;0;0;0;0;0;0;0;0;0
Bosnia Herzg;0;0;0;0;0;0;0;0;0;0;0;0;0;0;0;0;0;0;0;0;0;0;0;0;0;0;0;0;0;0;0;0;0;0;0;0;0;0;0;0;0;0;0;0;0;0;0;0;0;0;0;0;0;0;0;0;0;0;0;0;0;0;0;0;0;0;0;0;0;0;0;0;0;0;0;0;0;0;0;0;0;0;0;0;0;0;0;0;0;0;0;0;0;0;0;0;0;0;0;0;0;0;0;0;0;0;0;0;0;0;0;0;0;0;0;0;0;0;0;0;0;0;0;0;0;0;0;0;0;0;0;0;0;0;0;0;0;0;0;0;0;0;0;0;0;0;0;0;0;0;0
Liberia;0;0;0;0;0;0;0;0;0;0;0;0;0;0;0;0;0;0;0;0;0;0;0;0;0;0;0;0;0;0;0;0;0;0;0;0;0;0;0;0;0;0;0;0;0;0;0;0;0;0;0;0;0;0;0;0;0;0;0;0;0;0;0;0;0;0;0;0;0;0;0;0;0;0;0;0;0;0;0;0;0;0;0;0;0;0;0;0;0;0;0;0;0;0;0;0;0;0;0;0;0;0;0;0;0;0;0;0;0;0;0;0;0;0;0;0;0;0;0;0;0;0;0;0;0;0;0;0;0;0;0;0;0;0;0;0;0;0;0;0;0;0;0;0;0;0;0;0;0;0;0
Georgia;0;0;0;0;0;0;0;0;0;0;0;0;0;0;0;0;0;0;0;0;0;0;0;0;0;0;0;0;0;0;0;0;0;0;0;0;0;0;0;0;0;0;0;0;0;0;0;0;0;0;0;0;0;0;0;0;0;0;0;0;0;0;0;0;0;0;0;0;0;0;0;0;0;0;0;0;0;0;0;0;0;0;0;0;0;0;0;0;0;0;0;0;0;0;0;0;0;0;0;0;0;0;0;0;0;0;0;0;0;0;0;0;0;0;0;0;0;0;0;0;0;0;0;0;0;0;0;0;0;0;0;0;0;0;0;0;0;0;0;0;0;0;0;0;0;0;0;0;0;0;0
Ecuador;0;0;0;0;0;0;0;0;0;0;0;0;0;0;0;0;0;0.086282045;0;0;0.58875877;0.31967837;0;0;0;0;0;0;0.022422098;0.086814255;0.1317145;0.6729314;0.32279533;0.07616014;0;0.0051427456;0;0;0;0.03156718;0;0;0;0;2.685488E-4;0.04665589;0.0101813935;1.1603573E-4;0.030284703;0.0017468322;0;0.032162573;0.0057164803;0.041535422;0.016564587;4.0636768E-4;3.728602E-4;3.9944125E-4;0;0;0;0.017382402;6.312089E-4;0;0;0.027518913;0;0;0;0;0;0;0;0;0;0.0067385407;0;0;0;0;0;0;0.012815949;0;0;0;0;0;0.03729178;0;0;0;0;0.0030842286;0;0;0.0036075795;0;0;0;0;0;0;0;0;0;0;0;0;0;0.008167894;0;0;0;0;0;0;0;0;0;0;0.18478002;0;0;0;0;0;0;0;0;0;0;0;0.07045144;0;0;0;0;0;0;0;0;0;0;0;0;0;0;0;0;0
Mexico;0;0;0;0;0;0;0;0;0;0;0;0;0;0;0;0;0;0;0;0.16033645;0;0.01568544;0;0;0;0;0;0;0.003601316;0.057783704;0.0024106302;0;0;0.020632736;0;0.0019704814;0;0;0;0;0.007623974;0;0.03800888;0.0040436797;1.6112928E-4;0.020299325;0.0013734652;1.0214413E-4;7.142036E-4;0;0;0.0063009583;3.205605E-4;0.011115783;0;0;0;0;7.4780703E-4;0;0;0;6.2577677E-4;0;0;0;0.08495662;0.01493245;0.0012756855;0;0;0;0;0;0.055600982;0;0;0;0;0;0.5416389;0;0;0.051259313;0;0;0;0;0.022622246;0;0;0;0;0.0060712704;0;0;0;0;0;0;0;0;0;0;0;0;0;0;0;0;0.022312762;0;0;0;0;0;0;0;0;0;0;0;0;0;0;0;0;0;0;0;0;0;0;0;0;0;0;0;0;0;0;0;0;0;0;0;0;0;0;0;0
El Salvador;0;0;0;0;0;0;0;0;0;0;0;0;0;0;0;0;0;0.007211597;0;0;0;0;0;0;0;0;0;0;1.109873E-4;0.004151704;0;0;0;0;0;0;0;0;0;0;0;0;0;0;0;1.06661275E-4;0;0;0;0;0;0;0;0;0;0;0;0;0;0;0;0;0;0;0;0;0;0;0;0;0;0;0;0;0;0;0;0;0;0;0;0;0;0;0;0;0;0;0;0;0;0;0;4.930132E-4;0;0;0;0;0;0;0;0;0;0;0;0;0;0;0;0;0;0;0;0;0;0;0;0;0;0;0;0;0;0;0;0;0;0;0;0;0;0;0;0;0;0;0;0;0;0;0;0;0;0;0;0;0;0;0;0;0
Honduras;0;0;0;0;0;0;0;0;0;0;0;0;0;0;0;0;0;0;0;0;0;0;0;0;0;0;0;0;0.0010672539;0.01223621;0;0;0;0;0;0.005713042;0;0;0;0;0;0;0;5.148151E-4;0;2.2735694E-4;2.0158196E-4;0;2.3052105E-4;0;0;0;0;0.006204853;0.0016678986;0;0;0;0;0;0;0;4.3674005E-4;0;0;0;0;0;0;0;0;0;0;0;0;0;0;0;0;0;0;0;0;0;0;0;0;0;0;0;0;0;0;0;0;0;0;0;0;0;0;0;0;0;0;0;0;0;0;0;0;0;0;0;0;0;0;0;0;0;0;0;0;0;0;0;0;0;0;0;0;0;0;0;0;0;0;0;0;0;0;0;0;0;0;0;0;0;0;0;0
Colombia;0;0;0;0;0;0;0;0;0;0;0;0;0;0;0;0;0.5269194;0.0014814996;0;0.100670256;0;0.19358572;0;0;0;0;0;0;0;0.0039556827;0;0.0057028085;0.02907435;0.010714544;0;8.260995E-4;0;0;0;0;0;0;0;0;0;1.9928817E-4;0;0.0036060964;0.007052062;3.7298907E-4;0.007013717;0.026255403;0;0.007666387;0.0011491317;0;1.7221086E-4;0;0;0;0;0.00346942;0.006173027;0;0;0;0.15632673;0;0;0;0;0;0;0;0;7.401173E-4;0;0;0;0;0;0;0;0;0;0;0;0;0.23799033;0;0;0;0;7.247165E-4;0;0.0020727878;0;0;0;0;0;0;0;0;0;0;0;0;0;0;0;0;0;0;0;0;0;0;0;0;0;0;0;0;0;0;0;0;0;0;0;0;0;0;0;0;0;0;0;0;0;0;0;0;0;0;0;0;0;0;0
Venezuela;0;0;0;0;0;0;0;0;0;0;0;0;0;0;0;0;0;0.005889267;0;0.042975422;0.112690076;0;0;0;0;0;0;0;0;0.008433262;0.0033866416;0.010831749;0.037393816;0;0;1.1407542E-4;0;0;0;0;0;0;0;0;0;0;0;0;0.0028312337;4.196127E-5;0;0.0073536304;0;0.004323707;0;0;0;0;0;0;0;0;1.20592405E-4;0;0;0.030675385;0.1432313;0.0028677299;0;0;0;0;0;0;0;2.8322177E-4;0;0;0;0;0;0;0;0;0;0;0;0;0;0;0;0;0;0.0010581118;0;0;0;0;0;0;0;0;0;0;0;0;0;0;0;0;0.036034822;0;0;0;0;0;0;0;0;0;0;0;0;0;0;0;0;0;0;0;0;0;0;0;0;0;0;0;0;0;0;0;0;0;0;0;0;0;0;0;0
Egypt;0;0;0;0;0;0;0;0;0;0;0;0;0;0;0;0;0;0;0;0;0;0;0;0;0;0;0;0;0;0;0;0;0;0;0;0;0;0.0018436542;0;0;0;0;0;2.9029223E-4;0;0;0;0;0;4.079568E-5;0;4.1548014E-5;0;0;0;0;0;0;0;0;0;0;0;0;0;0;0;0;0.008175664;0;0;0;0;0;0;0;0;0;0;0;0;0;0;0;0;0;0;0;0;0;0;0;0;0;0;0;0;0;0;0;0;0;0;0;0;0;0;0;0;0;0;0;0;0;0;0;0;0;0;0;0;0;0;0;0;0;0;0;0;0;0;0;0;0;0;0;0;0;0;0;0;0;0;0;0;0;0;0;0;0;0
Morocco;0.5048544;0.2503234;1.0;0;0;0.51871806;0;0;0;0;0;1.0;0.1947986;0;0.2667083;0;0;0;0.31449407;0.013405178;0;0;0.021911984;0;0.021761347;0;0;0.8132956;5.549365E-4;0.002442477;0.009054563;0.019977763;0;0;0;0.01819386;0;0.013043607;0;0;0.00586747;0;0;0;0.008049578;0;2.5724265E-4;0;0.01482068;0.010029132;0;0.026996648;0.0092360815;0.06148276;0.0038013333;0;3.997188E-4;0;5.1037275E-4;0;0.1079018;0.0071545755;0.030257829;0.0045818384;0;0;0;0;0.06858043;0.019486856;0.116242535;0;0.0044515105;0;0;0.0043979534;0;0.18680575;0.07773769;0;0;0;0;0;0;0;0;0;0;0;0;0;0;1.4803268E-4;0;0.0010675301;0;0;0;0.0014765117;0;0.09265332;0.90129197;0;5.931989E-4;0;0;0;0;0;0;0;0;0;0;0;0;0;0;0;0;0;0;0;0.7106457;0.04669076;0.4664144;0.044275403;0;0;0;0.0034552112;0.21561119;0;0;0;0.047612134;0.40027046;0;0.03411074;0.004288084;0;0.72436816;0.12386489;0;0;0;0;0;0;0
Madagascar;0;0;0;0;0;0;0;0;0;0;0;0;0;0;0;0;0;0;0;0;0;0;0;0;0;0;0;0;0;0;0;0;0;0;0;0.0019193692;0;0;0;0;0;0;0;0.0027124179;3.773455E-4;3.3121134E-4;0;0.0010917165;0.028341152;0.0011065343;0;1.7133959E-4;0.0017242435;3.175358E-4;0.0034007013;0;0;0;0;0;0;0.0047814846;7.398507E-4;0;0;0;0;0;0;0.017233957;0;0;0;0;0;0;0;0;0;0;0;0;0;0;0;0;0;0;0;0;0;0;0;0.002270049;0;0.0037007714;0;0;0;0;0;0;0;0;0;0;0;0;0;0;0;0;0;0;0;0;0;0;0;0;0;0;0;0;0;0;0;0;0;0;0;0;0;0;0;0;0;0;0;0;0;0;0;0;0;0;0;0;0;0;0
Mozambique;0;0;0;0;0;0;0;0;0;0;0;0;0;0;0;0;0;0;0;0;0;0;0;0;0;0;0;0;0;0;0;0;0;0;0;0.0014045384;0;0;0;0;0;0;0;0;0;2.3016382E-4;3.6104233E-4;0;1.0790973E-4;0;0;0.0011306207;0.011348717;0.012848455;0;0;0;0;0;0;0;0;0;0;0;0;0;0;0;0.023906555;0;0;0;0;0;0;0;0;0;0;0;0;0;0;0;0;0;0;0;0;0;0;0;6.770886E-4;0;0;0;0;0;0;0;0;0;0;0;0;0;0;0;0;0;0;0;0;0;0;0;0;0;0;0;0;0;0;0;0;0;0;0;0;0;0;0;0;0;0;0;0;0;0;0;0;0;0;0;0;0;0;0;0;0
Senegal;0;0;0;0;0;0;0;0;0;0;0;0;0;0;0;0;0;0;0;0;0;0;0;0;0;0;0;0;1.4117584E-4;1.11337984E-4;0;0;0;0;0;4.0148097E-4;0;0;0;0;0;0;0;0;8.3043554E-4;1.3753692E-4;3.0237294E-4;0;0.03072869;0.0024084991;0;0.020041952;0.009576335;0.010463023;0.0033941644;0;1.8958993E-4;0;0;0;0;0.009730654;8.734801E-4;0;0;0;0;0;0.06392524;0.0034726209;0;0;0;0;0;0.0032623943;0.14136247;0;0;0;0;0;0;0;0;0;0;0;0;0;0;0;0;0.004357953;0;0;0;0;0;0;0;0;0;0;5.380176E-4;0;0;0;0;0;0;0;0;0;0;0;0;0;0;0;0;0;0;0;0;0;0;0;0;0;0;0;0;0;0;0;0;0;0;0;0;0;0;0;0;0;0;0;0;0;0
Tanzania;0;0;0;0;0;0;0;0;0;0;0;0;0;0;0;0;0;0;0;0;0.0025690282;0;0;0;0;0;0;0;0;5.3027074E-4;0;0;0;0;0.02730204;9.1840787E-4;0;0;0;0;0;0;0;0.0027827232;0;0;0;0;0.0012287595;5.6958536E-4;0;7.842647E-4;0.008786421;0.0024999783;4.95887E-4;0;0;0;0.0038455478;0;0;0.033668477;0.012096179;0;0;0;0;0;0.014399036;0.008035817;0;0;0;0;0;0;0;0;0;0;0;0;0;0;0;0;0;0;0;0;0;0;0;0.0020151753;0;0;0;0;0;0;0;0;0;0;0;0;0;0;0;0;0;0;0;0;0;0;0;0;0;0;0;0;0;0;0;0;0;0;0;0;0;0;0;0;0;0;0;0;0;0;0;0;0;0;0;0;0;0;0;0;0
Canada;0;0;0;0;0;0;0;0;0;0;0;0;0;0;0;0;0;0.048460953;0;0;0;0.0059391465;0.010650173;0;0;0;0;0;0;0.16780214;0;0.0045192065;0;0;0.0032784096;0.03894067;0;0;0;0;0.011777918;0;0;0.006669917;0.021722155;0.051666163;0.038589407;0.055233005;0.014735999;0.010139863;0.0031540345;0.004850087;0.006220843;0.0024416908;0.046875793;0.03773801;0.01695724;0.007040444;0.030635681;0.16238049;0;0.031452283;0.02598386;0;0;0.0022066068;0;0.0031853437;0.007329906;0.012785559;0;0;0;0;0.03004906;0.032546457;0;0;0;0;0;0;0.0071199713;0.26569706;0.44451794;0.3843389;0;0;0;0;0;0;0;0.032251816;0;0.02238255;0;0.0317091;0.013868584;0.033715744;0;0;0;0;0;0;0;0;0;0.3076688;0.21419099;0;0;0;0;0.014446451;0;0.0040601864;0;0;0;0.025208086;0;0.006252903;0;0;0;0;0;0;0;0.011577536;0;0;0;0;0;0;0;0;0.004753534;0;0;0;0;0;0;0;0;0;0
USA;0;0;0;0;0;0;1.0;0;0;0.9470742;0;0;0;0;0;0;0;0.3971888;0.15223336;0.38520172;0.02474136;0.05987878;0;0;0;0;0;0;0.39580557;0;0.0016580432;0;0;0.055455007;0.14411858;0.0982486;0;0.004722515;0;0.019439189;0.1468269;0;0.04079496;0.012285258;0.017604407;0.11725162;0.083497055;0.02523777;0.033612557;0.018777668;0.021522276;0.01753988;0.019489642;0.022485305;0.052129768;0.08299695;0.019801088;0.017236708;0.058275696;0.050897285;0;0.01306475;0.014781804;0;0;0.009715751;0.1733508;0.01876683;0.008468156;0.01668867;0;0;0.0013924675;0.020161891;0.13152085;0.023568861;0;0;0;0;0;0.39959604;0;0.031394113;0.13664757;0.06598203;1.0;0.55279505;0.20488985;0;0;0.14318885;0;0.006050031;0.074882075;0.013006076;0;0.015141565;0.017602434;0.004540737;0.11222655;0;0;0;0;0;0;0;0.25912035;0.3036969;0.0616724;0;0;0;0;0;0;0.005970862;0;0;0;0;0;0;0;0;0;0;0;0;0;0;0;0;0;0;0;0;0;0.0059892116;0.0028867817;0;0;0.02821862;0;0.004737814;0;0;0;0;0
Argentina;0;0;0;0;0;0;0;0;0;0;0;0;0.0812366;0;0;0;0;0.062431127;0;0;0;0.0056954892;0.0025612405;0.024473684;0;0;0;0;0.003513414;0.010915486;0;0.049603675;0.034679044;0.15948744;0.11473661;0.006231501;0;0;0;0;0.02173393;0;0;0.002977763;0.004225168;0.0023437412;0.02535871;1.1358427E-4;0.0134710735;0.0052000894;0;0.03160186;0.0013719553;0.084646344;5.1829993E-4;6.981188E-4;0.0021881838;0.0077201948;3.0178565E-4;0;0;0.0015807532;0.0020967869;0;0;0.2630768;0.030446881;8.791917E-4;0.030951232;0.03192802;0;0;0;0.03188161;0;6.3324114E-4;0.036890645;0;0;0;0;0;0.08668565;0;0;0.034403082;0;0;0.008543794;0;0;0;0;0.0013895764;0;0;0.00812581;0;0.033387333;0.018249437;0;0;0;0;0;0;0;0.15381317;0;0;0.0040359003;0;0;0;0;0;0.008548931;0.026165646;0;0;0;0.09869203;0;0;0;0;0;0;0;0;0.0077627804;0.013472745;0;0.14420885;0;0;0.22107708;0;0;0.188442;0;0;0;0.027497241;0;0.03287026;0;0;0;0;0
Chile;0;0;0;0;0;0;0;0.11150822;0;0;0;0;0;0;0;0;0.016008282;0.09453437;0.13673656;0;0.069190174;0.14665124;0.018914951;0;0;0;0;0;0.01098064;0.050101973;0.25836077;0;0.45722044;0.08651271;0.005033596;0.044187818;0;0;0;0;0.008599394;0;0;0.01663057;0.007958685;0.018399071;0.003244868;0.014555947;0.014931531;0.009585042;0;0.0039687543;2.461642E-4;0.026499016;0.008924565;2.1047762E-4;0;0.02029909;0.024779707;0.017281048;0;0.013911021;0.0059112003;0;0;0.08928303;0.024062859;0.0066330642;0.0034253213;0.01490931;0;0;0;0;0;0.017597158;0;0;0.13387376;0;0;0;0.39937106;0.076977655;0.025279248;0.04338896;0;0;0.030628694;0;0;0;0;0.008031094;0;0;0.0035375294;0;0;0.0030024464;0.0894516;0;0;0;0;0;0;0;0.07398568;0.05774519;0.0061115064;0;0;0;0.317275;0;0;0;0;0.04300509;0.5381883;0.17669441;0;0;0;0;0;0;0;0;0;0.002759012;0;0.39329687;0;0;0;0;0;0.00412502;0.002490654;0;0;0;0;0;0;0;0;0;0
Peru;0;0;0;0;0;0;0;0;0;0;0;0;0;0;0;0;0.06745779;0.041592184;0;0;0.1626241;0.031035848;0;0;0;0;0;0;9.1275957E-4;0.007609786;0;0.024855636;0;0.1831608;0.0013840456;0.0013220655;0;0;0;0;0.0012837426;0;0;6.758366E-4;1.7627819E-4;0.01360212;0.0032117723;7.9263846E-4;0.01356487;0.004730356;0;0.003159855;0;0.0035288522;0.0019602012;0;0.0013160701;0.0058327764;0;0;0;0.0069633555;0.004641178;0;0;0.007431902;0;0.0019471104;0;0.10888532;0;0;0;0.003525848;0;0;0;0;0.008200178;0;0;0;0;0;0;0.054172017;0;0;0.20096722;0;0;0;0;0.0028454454;0;0;0;0;0;0.0077254307;0;0;0;0;0;0;0;0;0.24718718;0;0.010108969;0;0;0;0.03149572;0;0;0.015179259;0;0;0;0;0;0;0;0;0;0;0;0;0;0.015973905;0;0.37277701;0;0;0;0;0;0.038077105;0;0;0;0;0;0.026044594;0;0;0;0;0
Uruguay;0;0;0;0;0;0;0;0;0;0;0;0;0;0;0;0;0;0.0022651027;0;0;0;0.0040203454;0;0;0;0;0;0;0.001319417;0.0024537994;0.019637818;0.029805243;0;0;0.021085432;8.892239E-4;0;0.024766093;0;0;0.0016499923;0;0;0.002190799;0;0.0034131608;7.401368E-4;0;0.0014960346;0.0018672765;0;0.0048633236;3.7088743E-4;9.3201833E-4;6.3456723E-4;0;1.864301E-4;0;2.8625256E-4;0;0;0.0034684394;0;0;0;0.096938305;0;6.812585E-4;0;0.022586385;0;0;0;0;0;0;0;0;0;0;0;0;0;0;0;0;0;0;0;0;0;0;0;0.0017551527;0;0;0;0;0;0;0;0;0;0;0;0;0;0;0;0;0;0;0;0;0;0;0;0;0;0;0;0;0;0;0;0;0;0;0;0;0;0;0;0;0;0;0;0;0;0.004918293;6.3380454E-4;0;0;0;0;0;0;0;0;0;0
Israel;0;0;0;0;0;0;0;0;0;0;0;0;0;0;0;0;0;0;0;0;0;0;0;0;0;0;0;0;0;7.300658E-5;0;0;0;0;0;0;0;0;0;0;0;0;0;0;3.2363573E-4;0;0;1.5525907E-4;3.231411E-4;3.3685574E-4;0.0012402305;1.4964638E-4;4.6388278E-4;1.00625504E-4;0.001391005;0;1.6273136E-4;0;0;0;0;0.0010188601;0.0010288379;0;0;0;0;0;0;0.001965905;0;0;0;0;0;0;0;0;0;0;0;0;0;0;0;0;0;0;0;0;0;0;0;0;0;0;0;0;0;0;0;0;0;0;0;0;0;0;0;0;0;0;0;0;0;0;0;0;0;0;0;0;0;0;0;0;0;0;0;0;0;0;0;0;0;0;0;0;0;0;0;0;0;0;0;0;0;0;0;0;0
Japan;0;0;0;0;0;0;0;0;0;0;0;0;0;0.4290113;0;0.69627506;0;0.011643852;0.396536;0.039952688;0;0.032924194;0;0;0;0;0.032089062;0;0.011023259;0.023230953;0;0;0.03669323;0.079128355;0;0;0;0.047530785;0;0.07096164;0.05266708;0;0.19122638;0.052953385;0.14517197;0.059171747;0.13233405;5.9243594E-4;5.439591E-4;5.0236966E-4;0;1.07363005E-4;0.0010765581;0.0042486;0.0020890757;0.0048201457;0;0.008747997;0.035905834;0.05406718;0;3.461575E-4;0.0027171315;0;0.018007105;3.6533226E-4;0;0.026992567;0;0.038901962;0;0;0;0.014748969;0;3.740665E-4;0.07006123;0;0.094934635;0;0.24317122;0;0;0;0;0.12913993;0;0;0.017302526;0;0;0;0;0.119002186;0;0;0;0;0;0;0.21366496;0;0;0;0;0;0;0;0;0;0.0056502605;0.13857515;0;0;0.007516517;0;0;0;0;0.57345974;0;0;0.047406346;0;0;0;0;0.01748911;0;0.5868726;0;0;0;0;0;0;0;0.11539328;0;0;0;0;0;0.024993636;0;0;0;0;0;0;0
Oman;0;0;0;0;0;0;0;0.30092925;0;0;0;0;0.10233555;0;0;0;0;0;0;0;0;0;0;0;0;0;0;0;0;0.0011673976;0;0;0;0;0;6.081066E-4;0;0.06048566;0;0;0;0;0;8.3912595E-4;0.002533999;9.627584E-4;8.980928E-4;0;0.001986774;5.093632E-4;0;8.504474E-4;0.0012100339;0.0015465008;7.807185E-4;0;2.4014724E-4;0;0;0;0;5.256103E-4;0.0045303633;0;0;0;0;0;0.004528331;8.466307E-4;0;0;0.12733951;0;0;0.0030539858;0.032938078;0;0;0;0;0;0;0;0;0;0;0;0;0;0;0;0;0.004511135;0;0;0;0;0;0;0;0;0;0;0;0;0;0;0;0;0;0.04561251;0;0;0.013300119;0;0;0;0;0;0;0;0;0;0;0;0;0.028866783;0;0;0;0;0;0;0;0;0;0;0;0;0;0;0;0.040651787;0;0;0;0;0;0;0
Saudi Arabia;0;0;0;0;0;0;0;0;0;0;0;0;0;0;0;0;0;0;0;0;0;0;0;0;0;0;0;0;0;6.710944E-5;0;0;0;0;0;3.212654E-4;0;0;0;0;0;0;0;4.6265323E-4;0;1.964813E-5;0;0;0;0;0;0;0;0;1.5922548E-4;0;0;0;0;0;0;0;0;0;0;0;0;0;0;5.309379E-4;0;0;0.002499863;0;0;0;0;0;0;0;0;0;0;0;0;0;0;0;0;0;0;0;0;0;0;0;0;0;0;0;0;0;0;0;0;0;0;0;0;0;0;0.048653346;0;0;0;0;0;0;0;0;0;0;0;0;0;0;0;0;0;0;0;0;0;0;0;0;0;0;0;0;0;0;0;0.01056607;0;0;0;0;0;0;0
India;0;0;0;0;0;0;0;0.07290922;0;0;0;0;0;0;0;0;0;0.020312462;0;0;0;0.004903603;8.0277683E-4;0;0;0;0;0;0.012419922;0.022810722;0;0;0.011472108;0.015637442;0;0.048424248;0.04343558;0;0;0.22088422;0.0050471453;0;0;0.043618675;0.058091927;0.009652846;0.022724606;7.983585E-4;0.004307568;0.0027309794;0;0.0075400453;0.008009637;0.009761544;0.00984303;6.8144733E-4;0;0;0.023909856;0.025333606;0;0.0068456815;0.0046868073;0;0;0;0;0.068659805;0.050502345;0.018511077;0;0;0.6627597;0.019665293;0;0.004205576;0;0.0057471264;0.07773769;0;0;0;0;0;0;0;0;0;0;0;0;0.85681117;0;0.016506286;0.07149175;0;0;0;0;0;0;0;0;0;0.0011404135;0;0;0;0;0;0;0.356212;0;0;0.089440055;0;0;0;0;0;0;0;0.041211918;0;0;0;0;0.023860607;0;0.41312742;0;0;0;0;0;0;0;0;0;0;0.0045208093;0;0;0.025757447;0;0;0;0;0;0;0
Indonesia;0;0;0;0;0;0;0;0;0;0;0;0;0.1699199;0;0;0;0;0.0026446604;0;0;0;0;0.060070645;0;0;0;0;0;0.008134037;0.039312214;0;0;0;0;0;0.08363703;0;0.037139278;0.007070231;0;0.028724441;0;0.16365263;0.10835157;0.2069327;0.06381713;0.011273547;0.005653882;0.013499301;0.008910942;0.018496541;0.0021016677;0;0.0023834035;0.03240402;4.3345886E-4;0.0032893852;0;0.020568023;0.0035533514;0.037755314;0.027353307;0.020560462;0;0;0;0;0.27613524;0.0068964544;0.010991849;0;0;0;0.0025574812;0;0.003820822;0;0;0;0;0;0;0;0;0;0;0;0;0;0;0;0;0;0.079679556;0.24380895;0;0.0037126546;0;0;5.6836434E-4;0;0;0;0;0;0;0;0;0;0;0;0;0;0;0.014036608;0;0;0;0;0.028436018;0;0;0;0;0;0;0;0.009037124;0;0;0;0.0016631427;0;0;0;0;0;0;0;0;0.0017429625;0;0;0.009165747;0;0;0;0;0;0;0
Korea Rep.;0;0;0;0;0;0;0;0;0;0;0;0;0;0;0;0;0;0.017080098;0;0;0.0114564765;0;0;0;0;0;0;0;0.006517174;0.007294289;0.0025870178;0;0;0;0;0.069026105;0;0;0;0;0;0;0.041183323;0.021914795;0.015900843;0.0055463864;0.055501234;0.0026108038;0.004372255;4.965417E-4;0;0.011171635;0.005770089;0.023126176;0.0038027342;0.01495433;0.004401646;0.058780935;0.01141016;0.01758781;0;0.0046922485;0.004086018;0.0112889875;0;0.0060979174;0;0.0028815393;0.0018959083;0.012498565;0;0;0;0.021626856;0.0049877353;0;0;0;0.016494073;0;0;0;0;0;0;0;0;0;0.07770016;0;0;0;0;0.005549938;0.08800118;0;0;0.0045781187;0;0.0033854747;0.11537309;0;0.09870801;0;0;0;0;0;0;0;0;0;0;0;0;0;0;0;0;0;0.25962108;0;0.021954406;0.008932719;0;0;0;0;0;0;0;0.0078000105;0;0;0;0;0;0;0;0;5.941918E-4;0;0;0;0;0;0;0;0;0;0
Pakistan;0;0;0;0;0;0;0;0;0;0;0;0;0;0;0;0;0;0;0;0;0;0;0;0;0;0;0;0;0;9.783353E-4;0;0;0;0;0;0.0014388014;0;0.026511155;0;0;5.792725E-4;0;0;0.0027146859;0.0045377864;0.002121998;0.0011192312;0;0.0010417552;6.16209E-4;0;3.7135833E-5;0;0.0011347192;0.009628706;0;0;0;0;0;0;0.010422969;0.0038991543;0;0;0;0;0.011213146;0;0.009944323;0;0;0.048813112;0;0;0;0;0;0;0;0;0;0;0;0;0;0;0;0;0;0;0;0;0.0036673488;0.023732312;0;0;0;0;0;0.018729398;0;0;0;0;0;0;0;0;0;0;0.07645526;0;0;0.28073215;0;0;0;0;0;0;0;0;0;0;0;0;0.012352903;0;0;0;0;0;0;0;0;0;0;0;0;0;0;0;0;0;0;0;0;0;0;0
Philippines;0;0;0;0;0;0.008660075;0;0;0;0;0;0;0;0;0;0;0;0.017288243;0;0;0;0;0.011330621;0;0;0;0;0;0.018391928;0.021570083;0;0;0;0;0.04391832;0.0141974315;0;0.0014295714;0;0;0.008177086;0;0;0.0057514147;0.02705044;0.015864462;7.1155425E-4;4.9682905E-4;0.0010270536;0.018268693;0.0059338617;9.1405626E-4;0.006614706;9.325983E-4;0.014511932;0.001652562;0.003147193;0;0.0032907948;0.002786441;0;0.0037175159;0.0061958423;0;0;0;0;0;0.0053247535;0.22782975;0.088909835;0;0.0013266817;0;0;0.014278653;0.019220337;0;0;0;0;0.020871907;0;0;0;0;0;0;0;0;0;0;0;0.020626744;0;0.03108292;0;0;0;0.0019830973;0;0;0;0;0;0;0;0.0060433564;0;0;0.0022293543;0;0;0;0;0;0;0;0;0;0;0;0;0;0;0;0;0.027631493;0;0;0.023917757;0;0;0;0;0;0.01393526;0;0;0.006861812;0.010150776;0;0;0;0;0;0;0;0;0;0
Singapore;0;0;0;0;0;0;0;0;0;0;0;0;0;0;0;0;0;0;0;0;0;0;0;0;0;0;0;0;0.0023111994;0.0084767835;0;0;0;0;0.02410095;0.002822782;0;0.010430942;0;0.09169104;0.006697138;0;0.04861287;0;0.006350146;0.006012328;0.0055630608;4.6250861E-4;0.0022072978;0.0030013963;0;0.00590423;6.422151E-4;0.0018611368;0.008384319;9.877861E-4;0.0016146742;4.4615954E-4;0.019660447;0.0031443324;0;0.0015248582;0.0032364393;0;0.0065406975;0;0;0.0068770284;0.011565746;0.009958673;0;0;6.2496576E-4;0.009187069;0;0.0040078554;0;0;0.0376271;0;0;0;0;0;0;0;0;0;0;0;0;0;0;0.028493073;0.10318396;0.0013611009;0;0;0;5.127635E-4;0;0;0;0;0;0;0;0;0;0;0;0.0894874;0;0;0.008079714;0;0;0;0;0;0;0;0.006826514;0;0;0;0;0.019439569;0;0;0;0;0;0;0;0;0;0;0;0;0.0017182046;0;0;0;0;0;0;0;0;0;0
Thailand;0;0;0;0;0;0.46239346;0;0.5146533;0;0.05292583;0;0;0.36415434;0;0;0;0.17378145;0.0068932585;0;0.13457747;0;0;0.423438;0;0;0.043878786;0;0.18670438;0.1641875;0.17056248;0.23639464;0.075499445;0;0.043075364;0.11066952;0.07590183;0.17055215;0.28073826;0;0.011611904;0.04604656;0;0.0022626345;0.14104347;0;0.15148708;0.0123311;0.012176397;0.03419621;0.044098575;0.025531642;0.039154407;0.0064845122;0.009276396;0.0740151;0.009325617;0.022682855;0.010303715;0.32061175;0.4596605;0;0.026596272;0.048769306;0;0;0.01498071;0.098215744;0.31761837;0.014268648;0.101853974;0.09982721;0.1569044;0.096990295;0;0.027105479;0.110627495;0.13531737;0.04481793;0.0077784546;0;0.14057295;0.08365595;0;0;0.13150352;0.12811297;0;0.44720498;0.05609887;0.38327092;0;0;1.0;0.07310111;0.2497052;0.11364748;0;0.038595043;0.0037733612;0.030200534;0.050943963;0.021349333;0;0;5.0123007E-4;0;0.29439253;0.04257642;0.12683259;0.24931256;0.11915515;0.14422241;1.0;1.0;0.23034766;0;0.008605175;0.16721068;0.028317546;0.1535896;0.15038484;0.10653983;0.3078252;0.019294672;0;0.0023435515;0;0.455367;0;0;0.23001608;0.062168017;0.04418262;0;0;0;0.06074902;0.042596348;0;0.16119309;0.043955337;0;0;0.46571332;0;0.0456115;0;0;0;0;0
Taiwan;0;0;0;0;0;0;0;0;0;0;0;0;0;0;0;0;0;0.026630262;0;0;0;0;0;0;0;0;0;0;0.009554675;0.026591497;0;0;0;0;0.0073609576;0.051488966;0;0.07350955;0;0.28126612;0.009509413;0;0.25898722;0.097980425;0.15080048;0;0.005156888;6.1858486E-4;0.0021046808;7.0168567E-4;0;0.004379087;0;0.013181071;0.0027684688;0.011107383;0;0;0.023770057;0;0;5.8542786E-4;0.0030571804;0;0;0;0;0.03651177;0.012823811;0.014564918;0;0;0;0.13723494;0;0;0.06502364;0;0;0;0;0;0;0;0;0;0;0;0;0;0;0;0;0.03196283;0;0;0;0;0;0;0;0;0;0;0;0;0;0;0;0;0;0;0;0;0;0;0;0;0;0;0;0;0;0;0;0;0;0.1123464;0;0;0;0;0;0;0;0;0;0;0;0;0;0;0;0;0;0;0;0;0;0;0
China;0;0;0;0.33918127;0;0;0;0;0;0;0;0;0;0;0;0;0;0.02104709;0;0;0;0;0;0;0;0;0;0;0.03935432;0.040898543;0;0;0;0.020198364;0.005605771;0.14190611;0;0.0014591487;0;0.026320316;0.36166224;0;0.038431015;0.03207502;0.013989327;0.014637857;0;0.008038335;0.010960041;0.034122285;0;0.0022288854;0.006441844;0.035753373;0.0076180757;0.00988828;0.013742111;0.050684657;0.014874037;0.035686895;0;0.014873005;0.01868965;0;0;0.0013005829;0;0.014688485;0.009673361;0.005352428;0;0;0;0.0041962555;0;3.5536318E-4;0;0;0;0;0;0;0;0;0;0;0;0;0;0;0;0;0;0.17632623;0.030365566;0;0;0;0.0040696985;0.057735316;0;0;0;0;4.7363943E-4;0;0;0;0;0;0;0;0;0;0.007776454;0;0;0;0;0.07811128;0;0;0;0;0;0;0;0;0;0;0;0.12378165;0;0;0;0;0.020322252;0;0;0.021537364;0;0;0;0;0;0.1413314;0;0;0;0;0
Denmark;0;0;0;0;0.23206279;0;0;0;0;0;0;0;0;0.10673965;0;0;0;0;0;0;0;0;0;0;0;0;0;0;0.036369205;0.0043770922;0.0026458136;0;0;0;0.0066186762;0.0036590395;0;0;0;0;0.0010856688;0;0;5.193509E-4;0.0088951625;0.0077778525;0.0059361374;0;0.06307367;0.17666821;0.104072444;0.114468455;0.037822857;0.045044847;0.14261886;0.093093626;0.16090655;0.06299492;0.012233414;0;0;0.09283003;0.08425172;0;0;0.016477529;0;0;0.06347064;0.0023389966;0;0;0.004868154;0.006033669;0.05854456;0.14571226;0;0;0;0.5954052;0;0;0;0;0;0;0;0;0;0;0;0;0;0.0014880502;0;0.09037533;0.05120661;0.0323658;0.0150539335;0.04749858;0;0;0;0;0;0;0;0.018792888;0;0;0;0;0;0;0;0;0.008605175;0.0076427036;0.012059369;0;0;0;0.024946272;0.08925573;0;0;0;0.01170275;0;0;0.0530107;0.09407715;0;0;0;0;0.013209464;0;0;0.03442805;0.15298457;0;0;0.015700586;1.0;0.040097434;0;0;0;0;0
France,Monac;0;0;0;0.07082521;0;0;0;0;0;0;0;0;0;0;0;0;0.0125836255;0.0014814996;0;0;0;0;0;0.07289474;0.5965735;0;0.35647237;0;4.936715E-4;8.774942E-4;0.0027281279;0;0;0.008687468;0.006997549;0.0024530648;0.059631903;0;0;0;0.0014687361;0;0;2.812206E-4;0.0062730247;4.491001E-5;0.037885375;0.0061024986;0;0.029299457;0.0015716715;0.06900904;0.04002083;0.08700626;0.021787276;0.008204459;0.007438245;0.012340632;0;0;0;0.099856146;0.03929031;0;0.48227552;0.0010375436;0;0.0054960987;0.023846861;0.008853748;0;0;0.0010635381;0.09115062;0;0.09846766;0.102611795;0;0.2719179;0;0;0;0;0;0;0;0;0;0;0;0;0;0;0.011740922;0;0.007570568;0;0.0027393661;0;8.031235E-4;0;0;0;0;0.004911135;0;0;0;0;0;0;0;0;0;0;0;0;0.01833718;0.024411678;0;0;0;0.045383677;0.006002787;0.034685165;0.6699198;0;0;0;0;0.0916148;0.023438709;0;0;0;0;0.008709537;0;0;0.0051959385;0.024629248;0.024653105;0;0.028982433;0;0;0;0;0;0;0
Germany;0.49514562;0;0;0;0;0;0;0;0;0;0;0;0;0.07800205;0;0;0;0;0;0;0;0.012731094;0.0088229;0;0;0;0;0;6.348473E-4;2.914366E-4;0.014087488;0;0;0;0.010299155;8.1594154E-4;0;0.0063985647;0;0;0;0;0.0018405012;3.719369E-4;0.0023329316;9.0942776E-4;0.0032207984;0.0383923;0.034524936;0;0.007591066;0.04422731;0.010256843;0.008033801;0.020064745;0.011651291;0.01224119;0.026634088;0.0056629186;0;0;0.069940485;0.15207571;0;0;0.0012922324;0;6.628461E-4;0.032561697;3.5874182E-4;0;0;0;0.0030292496;0;0.059938814;0;0.02013909;0;0;0;0;0;0.09329549;0;0;0;0;0;0;0;0;0;0.0021908837;0;0.040841926;0.025743406;0.004240389;0.056402862;0.06711024;0;0;0;0;0;0;0;0.019143794;0;0;0.0059193205;0;0;0;0;0;0.0096175475;0.010057585;0.06503271;0;0;0;0.01601281;0.02415407;0;0;0;0;0;0;0.012028813;0.1860786;0;0;0;0;0.03897518;0;0.023002015;0.14723147;0.4509866;0;0;0.007510821;0;0.2845633;0;0;0;0;0
Ireland;0;0;0;0;0;0;0;0;0;0;0;0;0;0;0;0;0;0;0;0;0;0;0.057723477;0;0;0;0;0;0;7.1119495E-5;0;0;0;0;9.355839E-4;0.0020869754;0;0;0;0;0.00743898;0;0;0;0.0043146843;2.5261881E-5;6.513805E-4;0.00219569;0.026195895;0.012261239;0;0.0109311715;2.9211486E-4;0.020408997;0.018650394;0.037079487;0.0043984866;0.009315624;6.080093E-4;0;0;0.0035939582;0.0059242374;0;0;0;0;0;9.232862E-4;0.0022672482;0;0;0;0.013805433;0;0.007628285;0;0.010673235;0;0;0;0.17084666;0.20446184;0;0.055518813;0;0;0;0;0;0;0;0;1.300113E-4;0;0;0.017722672;0.01031953;0.005788455;0.041963205;0;0;0;0;0.018513324;0;0;0.010605115;0;0;0;0;0;0;0;0;0.026265467;0.19709152;0.008055854;0;0;0;0;0;0;0;0;0;0;0;0;0.026661854;0;0;0;0;0.041950937;0;0;0;0.0023569607;0;0;0;0;0.03771514;0;0;0;0;0
Italy;0;0;0;0;0.12219731;0;0;0;0;0;0;0;0;0.14779337;0;0;0;0;0;0;0;0.009076234;0.0019419554;0;0;0;0;0;0.0016186388;3.8142694E-4;0;0;0;0;9.819765E-4;0.0017295122;0;0.03277169;0;0;0;0;0;5.080114E-4;7.6295406E-4;0;0;0.002130318;0.0087154005;0.014134343;0.009761469;0;4.5950653E-4;0.032086197;0.001139326;3.1050658E-4;0;2.3826321E-4;0.0074048433;0.004294698;0;0.009956196;0.010328576;0.011068176;0;9.1228687E-4;0;0;0.17082204;0.0044196993;0;0;0;0.016636044;0;0.045136467;0.05882353;0;0;0;0;0;0;0;0;0;0;0;0;0;0;0;0;7.208548E-5;0;0.0011920753;0;0;0;7.135444E-4;0;0;0;0;0;0;0;0.3783531;0;0;0;0;0;0;0;0;0;0.008571505;0.41895324;0;0;0;0.0128523875;0;0;0.015290445;0;0;0;0;0.29218826;0.024611933;0;0;0;0;0.0010886921;0;0;0.006742821;0.038468964;0;0;0.0050920816;0;0;0.8203125;0;0;0;0
Portugal;0;0;0;0;0;0;0;0;0;0;0;0;0;0;0;0;0;0;0;0;0;0.004873146;0;0;0;0.09769697;0;0;0.004011525;9.5498265E-4;0;0;0;0;0.01087133;3.8576033E-4;0;0;0;0;0;0;0.002093781;0;0;1.5999192E-4;0;4.6986298E-4;0.011847429;0.0013116782;0.0026729107;0.013128804;0;0.036348425;0.010353392;0;0.0015988752;0;0.0012049235;0;0;0.006138657;6.2360393E-4;0;0;0.007659452;0;0;0.016224464;0.026632993;0.51586556;0;0;0;0.008217498;0.012648792;0;0;0;0;0;0;0;0;0;0;0;0;0;0;0;0;0;7.530358E-5;0;0.0018236974;0;0;0;0.0019800083;0;0;0;0;0;0;0;0.004639738;0;0;0;0;0;0;0;0;0;0;0;0;0;0;0.023639964;0;0;0;0;0;0;0;0.010210504;0.0019467794;0;0;0;0;0;0;0;0;0.0119284;0;0;0.010396333;0;0;0;0;0;0;0
Spain;0;0;0;0;0;0;0;0;0;0;0;0;0;0;0;0;0;0.03891079;0;0.027993167;0.0132154515;0.031584077;0.023502247;0.57307017;0.38166517;0;0.60358;0;0.0019720222;0.0028595226;0.08947554;0.07313224;0.013661441;0.16100775;0.0117682535;0.009448347;0;0;0;0.03750215;0.004669684;0;0;0.0025037704;0.0058089173;0.012282888;0.023956662;0.0039868895;0.05421567;0.01568924;0;0.15174437;0.2941728;0;0.025886048;5.980899E-4;0.0032814858;0.004662484;0.0024653224;0;0.8543429;0.010411202;0.006811841;0.95719016;0.49317667;0.007663627;0.25945327;0.0027066215;0.08024837;0.015124555;0.09055922;0;0.007982018;0.32047972;0.0236713;0.042806566;0.043555763;0.3607167;0.09165456;0;0.074616924;0;0.23703572;0;0;0;0;0;0.012358947;0;0;0;0;0.010264457;0;0.009154071;0.013659767;0.0030020452;0.00217314;0.009832085;0;0;0;0.9625815;0.0052376245;0;0;0.13139427;0.08421411;0;0.020237157;0;0;0;0;0;0.015579303;0.015895762;0.20994043;0;0;0;0.03944208;0;0;0.19149111;0;0;0;0;0.056577384;0.035415914;0.15198822;0;0;0.11188811;0.025257656;0;0;0;0.008199846;0.92078674;0;0.0114147505;0;0.03356621;0;0;0;0;0
UK;0;0;0;0;0;0;0;0;0;0;0;0;0;0;0;0;0;0;0;0;0.0012729419;0;0.029542187;0;0;0;0;0;0.0074157272;0.00448902;0.0015639699;0.026326172;0;0;0.025585514;8.753575E-4;0;0.00478167;0;0;0.012484257;0;0.0017054185;0.0033202174;0.0016746428;0.005832688;0;0.03421338;0.12080185;0.025299538;0.6877934;0.041875616;0.018244598;0.06803763;0;0.1891506;0.004253134;0.029378787;0.008884924;0;0;0.06671034;0.08616381;0.015870824;0;8.6009654E-4;0;0.031494394;0.023272451;0.020405235;0.008404021;0;0.0052628694;0.010503054;0.04255928;0.047290023;0;0;0;0;0;0;0;0;0;0;0;0;0;0;0;0;0;0.010094541;0;0.0015301266;0.15148331;0.08510798;0.09769252;0.027312377;0;0;0;0.03741847;0.09300807;0;0;0.057002496;0;0.044912923;0;0.10078193;0;0;0;0;0.11777278;0.023166945;0.0051264525;0.0994383;0;0;0.08929249;0.027048273;0;0;0.5335856;0.009817307;0;0;0.11231554;0.0062915785;0;0;0;0.63336664;0.092103355;0;0;0;0.014716149;0;0;0.0372995;0;0.0059691104;0;0;0;0;0
Norway;0;0;0;0;0;0;0;0;0;0;0;0;0;0;0;0;0;0.05595416;0;0.09488764;0;0.03865014;0.022615371;0;0;0;0.007858546;0;0.042351864;0.014931084;0.019531986;0.006814677;0.057010245;0.013465576;0.14080924;0.03619641;0;0.004722515;0;0.021933597;0.012233862;0;0.0052175676;0.028274009;0.014304699;0.044626515;0.013528557;0.24732608;0.094257824;0.17713755;0.0027905186;4.1695085E-4;0.20970127;0.015980896;0.13943857;0;0.6279219;0.36448896;0.009741463;0;0;0.0015268193;0.03647214;0;0;0.36293152;0.029955802;0.0077930447;0.0049124463;0.04574676;0.037229028;0;0.012904994;0.12079754;0.5937449;0.09340975;0.014957761;0.017386265;0;0.40459478;0;0.0516748;0;0.045228805;0.16291887;0.031322207;0;0;0.05384202;0.19600499;0;0;0;0.018611569;0;0.43887946;0.35168645;0.6696625;0.63036865;0.355203;0;0.31179795;0;0;0.03138436;0;0;0;0.20866008;0.03666361;0.47948417;0;0;0;0;0.06487012;0.18650168;0.18520288;0.05380334;0;0;0;0.06371413;0.24436346;0.025480255;0.004465859;0;0.01625382;0;0;0.040142667;0.043796092;0;0;0;0;0.019741617;0;0.3777703;0.029033793;0.008576168;0;0.060562707;0.005346686;0;0.06258197;0;0;0;0.30522767;0
Sweden;0;0;0;0;0;0;0;0;0;0;0;0;0;0;0;0;0;0;0;0;0;0;0;0;0;0;0;0;0.003057922;1.4011601E-4;0.002457667;0;0;0;0;1.101251E-4;0;0;0;0;0;0;0;0;0.005189189;0;0.0040181004;0.08523151;0.004995309;0.009087723;0.006553977;0.017786227;0.0041486877;0.0018138689;0.0038120728;0.031246549;0;0.005033894;3.084427E-4;0;0;0.011629127;0.012855585;0;0;0;0;0;0.03158555;0.004606245;0;0;0;0;0;0.011443763;0;0;0;0;0;0;0;0;0;0;0;0;0;0;0;0;0;0;0;0.15942673;0.086161606;0.03784453;0.0020546052;0.0046581165;0;0;0;0;0;0;0;0;0;0;0;0;0;0;0;0;0;0.008226521;0;0;0;0;0;0;0;0;0;0;0;0;0.014056927;0.0013279356;0;0;0;0;0;0;0;0;0.013755539;0;0;0;0;0;0;0;0;0;0
Russian Fed;0;0;0;0.5899935;0;0;0;0;1.0;0;1.0;0;0;0;0;0.3037249;0;0.00438328;0;0;0;0;0;0;0;0;0;0;0.07367781;0.031375963;0;0;0;0;0.004894418;0.07192435;0;0;0;0;0.17904378;0;0;0.0057083243;0.012109485;0.013675098;0.41636604;0.054563757;0.018309664;0.08845086;0;5.074005E-5;0.070661165;0.0077559934;0.027491843;0.38001838;0.00810181;0;0;0;0;0.0033321336;0.0093355905;0;0;0.006607295;0;0;0;0.0679744;0;0;0;0;0.018928863;0.0024848704;0;0;0;0;0;0;0;0;0;0;0;0;0.009081139;0;0;0;0;0;0.03257665;0;0.14276208;0.006529448;0.024457702;0.18423963;0;0;0;0;0;0;0;0.004171865;0;0;0;0;0;0;0;0.6864842;0.02536558;0.0127378395;0;0;0;0;0.08255025;0.43888235;0;0;0;0;0.40518963;0;0;0.027667474;0;0;0;0.25474524;0.27500364;0;0;0.03668888;0.0057488056;0;0;0;0;0.027436495;0;0;0;0;0
Australia;0;0;0;0;0;0;0;0;0;0;0;0;0;0;0;0;0;0;0;0;0;0;0;0;0;0;0;0;8.967774E-4;0.01000084;0;0;0;0;0;0.026611416;0;0.0025633695;0;0.055909168;3.5690662E-4;0;0;0.040972024;0.011528318;0.17662546;0.010103168;0;0.0015757172;8.699193E-4;0;7.9308904E-4;0;0.0037738914;3.9456168E-4;0;0;0;0;0.13975663;0;5.864085E-4;0;0;0;0;0;0.008188911;0.006586343;0.010934451;0;0;0.0017213968;0.025450664;0.005069501;9.191348E-4;0;0;0;0;0;0;0;0;0;0.07060334;0;0;0;0;0;0;0;0.09850545;0.08225236;0;0;0;0;0.0018162947;0.024722805;0;0;0;0;0;0;0;0;0;0;0;0;0;0;0;0.0064679417;0;0;0;0;0;0;0;0;0;0;0;0;0;0;0;0;0;0;0;0;0;0;0;0;0;0;0;0;0;0;0;0;0;0
New Zealand;0;0;0;0;0;0;0;0;0;0;0;0;0.04360826;0;0;0;0;0.002424272;0;0;0;0;0;0;0;0;0;0;0.006674332;0.017238634;0;0;0;0.007384348;0.0017551864;0.009991474;0;0.015212612;0;0;0.014373433;0;0.011752191;0.030564595;0.025195386;0.02995217;0.022724606;0.0011807862;0.00832522;0.006615505;0;0.0030153561;0.007253639;0.01342205;0.006547856;5.1681633E-4;0.0012275948;0.040974263;0.17895445;0;0;0.0059954873;0.003266859;0;0;0;0;0.031701535;0.02752591;0.05666686;0;0;0;0;0;0.013188516;0;0;0.051122252;0;0;0;0;0;0;0;0;0;0;0;0.7917146;0;0;0.04595578;0;0;0;0.0020826687;0;0.0065516345;0.35960445;0;0;0;0;0;0;0;0;0;0;0;0;0;0;0;0;0.021866623;0;0.02395998;0.0518058;0;0.032994818;0;0;0;0;0;0;0;0;0;0;0;0;0;0.022862535;0;0;0;0.005422;0;0;0.0114147505;0;0.005754972;0;0;0;0;0
Mauritania;0;0;0;0;0;0;0;0;0;0;0;0;0;0;0;0;0;0;0;0;0;0;0;0;0;0;0;0;0;0;0;0;0;0;0;0.008070332;0;0;0;0;3.2700866E-4;0;0;0;0.005664314;0;0.0018172464;0;0.0030399964;0;0;0.004348937;0.015467865;0.014396986;0;0;0;0.005552467;0;0;0;6.197494E-4;0;0;0;0.0037827545;0;0;0.00409488;0;0;0;0;0;0;0;0.0089126555;0;0;0;0;0;0;0;0;0;0;0;0;0;0;0;0;3.005707E-4;0;0;0;0;0;4.2318433E-4;0;0;0;0;0.32724348;0;0;0;0;0;0;0;0;0;0;0;0.24010123;0.05437465;0;0;0;0;0;0;0;0;0;0;0;0;0;0;0;0;0;0;0;0;0;0;0;0.05456015;0;0;0;0;0;0;0;0;0
Belgium-Lux;0;0;0;0;0;0;0;0;0;0;0;0;0;0;0;0;0;0;0;0;0;0;0;0.033947367;0;0;0;0;0;2.7622198E-4;0;0;0;0;0;4.6355734E-5;0;0;0;0;0;0;0;6.89444E-4;0;2.1051567E-4;2.8883386E-4;0.0032432803;0.03144613;0.014181743;0.002127637;0.0068793213;0.007938523;0.0048146546;0.0047548185;0.0030050369;0.002202403;0.0042373477;0;0;0;0;0.065483846;0;0;0;0;0.0016064811;0.009000278;0;0;0;0;0.009758157;0;0.005068601;0;0;0;0;0;0;0;0;0;0;0;0;0;0;0;0;0;3.0250155E-4;0;0;0;0;0;8.927027E-4;0;0;0;0;0;0;0;0;0;0;0;0;0;0;0;0;0;0;0;0;0;0;0;0;0.09084845;0;0;0;0;0;0.013497448;0.0076710847;0;0;0;0;0;0;0;0;0.007566042;0;0;0.008826275;0;0;0;0;0;0;0
Netherlands;0;0.7496766;0;0;0;0;0;0;0;0;0;0;0.0067133023;0;0.66520923;0;0.028751194;0;0;0;0;0.00794932;0.30464998;0.29561403;0;0;0;0;0.0036581415;0.0030219299;0.0044096895;0;0;0;0.06521252;0.0034182316;0;0.005284485;0;0.017976949;5.886156E-4;0;0;9.411818E-4;0.002797039;0.0021893631;0.008328043;0.021082548;0.049613185;0.08623352;0.050924294;0.108009025;0.016749013;0.045530286;0.030864997;0.0021589585;0.028212562;0.010151881;0.0015865936;0;0;0.24695936;0;0;0;0.0023882291;0;0.0010172846;0.064446785;0;0.009817782;0;0.0029384354;0.0055122413;0;0.08574406;0;0.3537139;0;0;0;0;0.05250979;0.43614757;0.043614052;0;0;0;0;0;0;0;0;0.0022668308;0;0.011351405;0.04584778;0.04705706;0.035560474;0.038707465;0;0.080792576;0;0;0.44699606;0;0;0.025382096;0;0;0;0;0;0;0;0;0.32615298;0.12557387;0.04462455;0;0;0;0.042476088;0.05563297;0.13834044;0.06979851;0;0;0;0;0.023288341;0.04589758;0.588218;0;0;0;0.007330527;0.44173992;0.21171927;0.023203237;0.10432522;0;0;0.0044555715;0;0.02240424;0;0;0;0.69477236;0
Libya;0;0;0;0;0;0;0;0;0;0;0;0;0;0;0;0;0;0;0;0;0;0;0;0;0;0;0;0;0;0;0;0;0;0;0;1.9687078E-4;0;0;0;0;0;0;0;0;0;0;0;0;0;0;0;0;0;0;0;0;0;0;0;0;0;0;0;0;0;0;0;0;7.3299056E-4;0;0;0;0;0;0;0;0.07571883;0;0;0;0;0;0;0;0;0;0;0;0;0;0;0;0;0;0;0;0;0;0;0;0;0;0;0;0;0;0;0;0;0;0;0;0;0;0;0;0;0;0;0;0;0;0;0;0;0;0;0;0;0;0;0;0;0;0;0;0;0;0;0;0;0;0;0;0;0;0;0;0;0;0
Seychelles;0;0;0;0;0;0;0;0;0;0;0;0;0;0;0;0;0;0;0;0;0;0;0;0;0;0;0;0;0;2.9485695E-5;0;0;0;0;0;3.839061E-4;0;0;0;0;0;0;0;3.3338246E-4;0;0;0;0;0.006242886;4.724528E-4;0;0.006250586;0;7.733954E-4;0.013016799;0;0;0;0;0;0;0;0.021292707;0;0;0;0;0;0;0;0;0;0;0;0;0;0.04053321;0;0;0;0;0;0;0;0;0;0;0;0;0;0;0;0;0;0;0;0;0;0;0;0;0;0;0;0;0;0;0;0;0;0;0;0;0;0;0;0;0;0;0;0;0;0;0;0;0;0;0;0;0;0;0;0;0;0;0;0;0;0;0;0.0010200292;0;0;0;0;0;0;0;0;0;0
Brazil;0;0;0;0;0;0;0;0;0;0;0;0;0;0;0;0;0;0;0;0;0;0;0;0;0;0;0;0;0;0.008016098;0.18398401;0;0;0.048432637;0;0.0020214324;0;0;0;0;0;0;0;0;0;0.0014371204;0;9.969267E-5;0.001702445;0.0010004655;0;7.129345E-4;0.0017844171;0.0019307337;1.6482873E-4;0;0;0;0;0;0;3.75576E-4;0.0014699236;0;0;0;0;0;0.0011840616;0;0.011938423;0;0;0;0;0;0.0858715;0;0;0;0;0;0;0;0;0.058536585;0;0;0;0.4207241;0;0;0;0.009243032;0;0;0;0;0;0;0;0;0;0;0;0;0;0;0;0;0.0046893316;0;0;0;0;0;0;0;0;0;0;0.4080856;0;0;0;0;0;0;0;0;0;0;0;0.019265845;0;0;0;0;0;0;0;0;0;0;0;0;0;0;0;0;0
Costa Rica;0;0;0;0;0;0;0;0;0;0;0;0;0;0;0;0;0;0;0;0;0.002858333;0.03359425;0;0;0;0;0;0;5.549365E-4;0.0074265026;0;0;0;0;0;3.3569612E-4;0;0;0;0;0;0;0;0.002263372;3.195042E-4;2.8068756E-5;0;0;7.9653255E-4;0.002797418;0;0.004434239;0;0.0015633202;0;0;1.6747111E-4;0;0;0;0;0;0.007936284;0;0;0;0;0;0;0;0;0;0;0;0;0;0.007827637;0;0;0;0;0;0;0;0;0;0;0;0;0;0;0;0;0.005087819;0;0;0;0;0;0;0;0;0;0;0;0;0;0;0;0;0;0;0;0;0;0;0;0;0;0;0;0;0;0;0;0;0;0;0;0;0;0;0;0;0;0;0;0;0;0;0;0;0;0;0;0;0;0;0;0;0
Malaysia;0;0;0;0;0;0;0;0;0;0;0;0;0;0;0;0;0;0.00692999;0;0;0;0;0;0;0;0;0;0;0.0010095405;0.0028865314;0;0;0;0;0;0.007942712;0;0;0;0.06975744;0.0068690507;0;0;0.10956717;0.009399208;0.0027423175;0.0023227057;0.0045319307;0.0025745437;0.0026967886;0;0.010987795;0.005979055;0.002619163;0.007874424;0;0;0;0.03755012;0.009407434;0;0.011138819;0.016133308;0;0;0;0;0;0.0039292523;0;0;0;6.2496576E-4;0.02356359;0;0.0011435747;0.060373556;0;0;0;0;0;0;0;0;0;0;0;0;0;0.20828539;0;0;0.019554473;0;0;0;0;0;0;0.015283189;0;0;0;0.0027636632;0;0;0;0;0;0;0;0;0;0;0;0;0;0;0;0;0;0.029413003;0;0;0;0;0.016448865;0;0;0;0;0;0;0;0;0;0;0;0;0;0;0;0.010226598;0;0;0;0;0;0;0
Greece;0;0;0;0;0.6457399;0;0;0;0;0;0;0;0;0;0.06808245;0;0;0;0;0;0;0;0.0015214533;0;0;0;0;0;1.3140896E-4;2.2196831E-4;0;0;0;0;0.0050722566;4.5928455E-4;0;0;0;0;0;0;0;0;0;0;0;2.5495174E-4;0.0037336177;0.003994868;0;0.04948074;9.5621124E-4;0.0048416234;0.0016184032;0;0;0;0.0029135628;0;0;2.480959E-4;0.003890463;0;0;0;0;0;0;0;0;0;0;0.028877191;0;0.0030620014;0;0;0;0;0;0.27335465;0;0;0;0;0;0;0;0;0;0;0;0;0;0;0;0;0;0;0;0;0;0;0;0;0;0;0;0;0;0;0;0;0;0;0;0.013693177;0;0;0;0;0.051957354;0;0;0;0;0;0;0;0.011819009;0;0;0;0;0;7.2579476E-4;0;0;0;0.009660568;0;0;0;0;0.004470141;0.1796875;0;0;0;0
South Africa;0;0;0;0;0;0;0;0;0;0;0;0;0.012411147;0;0;0;0;0;0;0;0;0;0;0;0;0.85842425;0;0;9.021048E-4;0.008716207;0;0;0;0.010859336;0;0.003855346;0;0;0;0;0;0;0;0.006556522;0.020390429;0.0039885705;7.2960637E-4;6.806885E-4;0.0064481203;0.0025790639;0.0013471469;0.020988733;0.022708375;0.07969685;0.00301221;0;0;0.0015744058;0.048913684;0;0;0.00303991;0.00718231;0;0;0;0;0.022127092;0.0028614823;0;0.021206409;0.8430956;0;0;0;0.0061747693;0;0;0.1309217;0;0;0;0;0;0;0;0;0;0.03068243;0;0;0;0;0.01916444;0;0;0;0;0;0;0;0.49340683;0;0;0.035444785;0;0.7056075;0;0;0;0;0;0;0;0;0;0;0;0;0;0;0;0.005140955;0;0;0;0;0;0;0;0;0;0;0;0;0;0;0;0;0;0;0;0.21506914;0;0;0;0;1.0;0;0;0
Angola;0;0;0;0;0;0;0;0;0;0;0;0;0;0;0;0;0;0;0;0;0;0;0;0;0;0;0;0;0;0;0;0;0;0;0;2.0590008E-4;0;0;0;0;0;0;0;0;8.786366E-4;0;3.5803363E-4;0;0;0;0;3.6951993E-4;3.5994677E-4;0.008230412;0;0;0;0;0;0;0;0;0;0;0;0;0;0;0;0;0;0;0;0;0;0;0;0;0;0;0;0;0;0;0;0;0;0;0;0;0;0;0;0;0;0;0;0;0;0;0;0;0;0;0.0072839307;0;0;0;0;0;0;0;0;0;0;0;0;0;0;0;0;0;0;0;0;0;0;0;0;0;0;0;0;0;0;0;0;0;0;0;0;0;0;0;0;0;0;0;0;0;0
Zimbabwe;0;0;0;0;0;0;0;0;0;0;0;0;0;0;0;0;0;0;0;0;0;0;0;0;0;0;0;0;0;0;0;0;0;0;0;0;0;0;0;0;0;0;0;0;0;0;0;0;0;0;0;0;0;0;0;0;0;0;0;0;0;0;0;0;0;0;0;0;0;0;0;0;0;0;0;0;0;0;0;0;0;0;0;0;0;0;0;0;0;0;0;0;0;0;0;0;0;0;0;0;0;0;0;0;0.016333662;0;0;0;0;0;0;0;0;0;0;0;0;0;0;0;0;0;0;0;0;0;0;0;0;0;0;0;0;0;0;0;0;0;0;0;0;0;0;0;0;0;0;0;0;0;0
Untd Arab Em;0;0;0;0;0;0;0;0;0;0;0;0;0;0;0;0;0;0;0;0;0;0;0;0;0;0;0;0;7.25413E-4;6.570592E-4;0;0;0;0;0;2.2573227E-5;0.3766871;0.17557108;0;0;0;0;0;0.0011203465;0.0026813566;0.0070340307;0;2.712948E-4;2.94326E-4;0.0020545481;0;0;0.002374117;9.482576E-5;3.5720674E-4;0;0;0;0;0.014162278;0;9.413915E-4;0.0024705145;0;0;0;0;0;0.001550557;0;0;0;0;0;0;0.0013279361;0;0;0;0;0;0;0;0;0;0;0;0;0;0;0;0;0;0.010520618;0;0;0;0;0;0.0011429066;0;0;0;0;0.0011817993;0;0;0;0;0;0;0;0;0;0;0;0;0;0;0;0;0;0;0;0;0;0;0.12326897;0;0;0;0;0;0;0;0;0;0;0;0;0;0;0;0;0;0;0;0;0;0;0
Turkey;0;0;0;0;0;0.0102284355;0;0;0;0;0;0;0;0;0;0;0;0;0;0;0;0;0;0;0;0;0;0;8.3551236E-4;2.1854797E-4;0;0;0;0;0;0.0011130213;0;0;0;0;0;0;0;0;0;0.0018637655;0;1.740536E-4;0.0032719874;0.006000073;0.021426052;0.007637113;0;3.6422373E-4;0.0067467713;0;8.800133E-4;0;0;0;0;0.004406889;0.0060459166;0;0;0;0;0;0.025341034;0;0;0;0;0;0;0.0034574433;0;0;0;0;0;0;0;0;0;0;0;0;0;0;0;0;0;0;0;0;0;0;0;0;0;0;0;0;0.0020371093;0;0;0;0;0;0;0;0;0;0;0;0;0;0.015281711;0;0;0;0.014959336;0;0;0;0;0;0;0;0;0;0;0;0;0;0;0;0;0;0.005986482;0;0;0.041712638;0;0.002837335;0;0;0;0;0
Iceland;0;0;0;0;0;0;0;0;0;0;0;0;0;0;0;0;0;0.011717315;0;0;0;0;0;0;0;0;0;0;0.036543235;0.023703432;0.009854186;0;0;0;0.018247752;0.011705266;0;0;0;0;0.0032532692;0;0;0;0.010960923;0.0214726;0.010810209;0.037638884;0.03694276;0.04825585;0.007719366;7.7360193E-4;0.078489184;0.018680675;0.1382969;0.04755544;0.021738065;0.03158856;5.54753E-4;0;0;0.016134078;0.061727013;0;0;0.035213854;0;0;0.01319383;0;0;0;0;0;0;0.0066904468;0;0;0;0;0;0;0;0;0;0;0;0;0;0;0;0;0;0;0;0.033182397;0;0;0;0.012025231;0;0;0;0;0.0017566045;0;0;0.006706176;0;0;0;0;0;0;0;0;0;0;0;0;0;0;0;0;0;0;0;0;0;0;0;0.0040998403;0;0;0;0;0;0;0;0;0.0035057315;0;0;0;0;0;0;0;0;0;0
Switz.Liecht;0;0;0;0;0;0;0;0;0;0;0;0;0;0;0;0;0;0;0;0;0;0;0;0;0;0;0;0;5.7180657E-4;0;0;0;0;0;0;9.674241E-6;0;0;0;0;0;0;0;0;8.414529E-4;7.718908E-4;0;0;0;1.7445009E-4;0;0;0.0012231626;0;7.414958E-4;2.1672943E-4;0;0.004003756;0;0;0;0;0;0;0;0.0033673197;0;0;0;0;0;0;0;0;0;0;0;0;0;0;0;0;0;0;0;0;0;0;0;0;0;0;0;6.500565E-5;0;0;0;0;0;0;0;0;0;0;0.002657899;0;0;0;0;0;0;0;0;0;0;0;0;0;0;0;0;0;0;0;0;0;0;0;0;0;0;0;0;0;0;0;0;0;0;0;0;0;0;0;0;0;0;0;0;0;0
Tunisia;0;0;0;0;0;0;0;0;0;0;0;0;0.024822295;0;0;0;0;0;0;0;0;0;0;0;0;0;0;0;4.0576956E-4;4.9064194E-5;0;0;0;0;0;9.3824003E-4;0;0;0;0;0;0;0;0;0;0;0;0;0.002375484;0;0;0.018069709;0;0.0104125645;0;0;0;0.0017145607;0;0;0;0.0016395902;0;0;0;0;0;0;0.015872065;0;0;0;0;0;0;3.6872269E-4;0;0;0;0;0;0;0;0;0;0;0;0;0;0;0;0;0;0;0;0;0;0;0;0;0;0;0;0;0;0;0;0;0;0;0;0;0;0;0;0;0;0;0;0;0;0;0;0;0;0;0;0;0;0;0;0;0;0;0;0;0;0;0;0;0;0;0;0;0;0;0;0;0;0;0
Ghana;0;0;0;0;0;0;0;0;0;0;0;0;0;0;0;0;0;0;0;0;0;0;0;0;0;0;0;0;9.8556724E-5;2.6831983E-4;0;0;0;0;0;2.880505E-4;0;0;0;0;0;0;0;0;0.0037293853;0;2.5724265E-4;8.4575335E-4;0.0055707293;0.003497161;0;0.001829951;0.01410685;0.0030074555;0.018464087;0;0;0.0012356983;0;0;0;0;0.0101145515;0;0;0;0;0;0.005726489;0;0;0;0;0;0;0;0;0;0;0;0;0;0;0;0;0;0;0;0;0;0;0;0;1.0491011E-4;0;0;0;0;0;0.0040835743;0;0;0;0;0;0;0;0;0;0;0;0;0;0;0;0;0;0;0;0;0;0;0;0;0;0;0;0;0;0;0;0;0;0;0;0;0;0;0;0;0.0019311233;0;0;0;0;0;0;0;0;0;0
Mauritius;0;0;0;0;0;0;0;0;0;0;0;0;0;0;0;0;0;0;0;0;0;0;0;0;0;0;0;0;8.82571E-4;8.7831984E-4;0;0;0;0;0;0.0012760323;0;0;0;0;0;0;0;0.014042886;0.0032762955;0.0022960242;9.3419704E-4;0;2.5139732E-4;0.0074726027;0.0028225936;0.0010486278;0;1.5021328E-4;0.008151785;0;9.858677E-4;0;8.5431966E-4;0;0;2.8143683E-4;0.004191401;0;0;0;0;6.260213E-4;0;0;0;0;0;0;0;0;0;0;0;0;0;0;0;0;0;0;0;0;0;0;0;0;0;0.001361257;0;0;0;0;0;0;0;0;0;0;0;0;0;0;0;0;0;0;0;0;0;0;0;0;0;0;0;0;0;0;0;0;0;0;0;0;0;0;0;0;0;0;0;0;0;0;0;0;0;0;0;0;0;0;0;0;0
Greenland;0;0;0;0;0;0;0;0;0;0;0;0;0;0;0;0;0;0;0;0;0;0;0;0;0;0;0;0;0.0021025434;6.9055497E-4;0;0;0;0;0;0.0059706187;0;0;0;0;0;0;0;0;0.010350835;0.0064277453;1.9857328E-4;0.19534124;0.00182241;0.008163409;0;0;0;4.407803E-5;0.0012541926;0.005662056;2.4172716E-4;0;0;0;0;0;0;0;0;0;0;0;0;0;0;0;0;0;0;0;0;0;0;0;0;0;0;0;0;0;0;0;0;0;0;0;0;0;0;9.874654E-4;0;0;0;0.0018564509;0;0;0;0;0;0;0;0;0;0;0;0;0;0;0;0;0;0;0;0;0;0;0;0;0;0;0;0;0;0;0;0;0;0;0;0;0;0;0;0;0;0;0;0;0;0;0;0;0;0;0
Nicaragua;0;0;0;0;0;0;0;0;0;0;0;0;0;0;0;0;0;0;0;0;0.0012845141;0;0;0;0;0;0;0;4.945594E-4;0.008293618;0;0;0;0;0;2.5604488E-4;0;0;0;0;0;0;0;0;0;0;0;0;0.0014813329;0;0;0;0;0.004504949;3.277897E-4;0;0;0;0;0;0;0;0;0;0;0;0;0;0;0;0;0;0;0;0;0;0;0;0;0;0;0;0;0;0;0;0;0;0;0;0;0;0;0;0;0;0;0;0;0;0;0;0;0;0;0;0;0;0;0;0;0;0;0;0;0;0;0;0;0;0;0;0;0;0;0;0;0;0;0;0;0;0;0;0;0;0;0;0;0;0;0;0;0;0;0;0;0;0;0;0
Bahamas;0;0;0;0;0;0;0;0;0;0;0;0;0;0;0;0;0;0.0016774004;0;0;0;0;0;0;0;0;0;0;0.0022703563;0.004045909;0;0;0;0;0;0;0;0;0;0;0;0;0;0;0;0;0;0;0.0079885535;0;0;0;0;0;0;0;0;0;0;0;0;2.000457E-4;0;0;0;0;0;0;0;0;0;0;0;0;0;0;0;0;0;0;0;0;0;0;0;0;0;0;0;0;0;0;0;0;0;0;0;0;0;0;0;0;0;0;0;0;0;0;0;0;0;0;0;0;0;0;0;0;0;0;0;0;0;0;0;0;0;0;0;0;0;0;0;0;0;0;0;0;0;0;0;0;0;0;0;0;0;0;0;0;0
Cuba;0;0;0;0;0;0;0;0;0;0;0;0;0;0;0;0;0;0;0;0;0;0.0034112022;0;0;0;0;0;0;0.009028151;0;0.0040569142;0;0;0;0;0.0020163534;0;0;0;0;0;0;0;0;0;0.0031324732;3.8661616E-4;0;0.0051896637;8.0425765E-5;0;1.5589697E-4;0;0.015536635;0;0;0;0;0.0017330485;0;0;5.0795916E-4;0;0;0;0;0;0;0;0;0;0;0;0;0;0;0;0;0;0;0;0;0;0;0;0;0;0;0;0;0;0;0;9.023557E-4;0;0;0;0;0;0;0;0;0;0;0;0;0;0;0;0;0;0;0;0;0;0;0;0;0;0;0;0;0;0;0;0;0;0;0;0;0;0;0;0;0;0;0;0;0;0;0;0;0;0;0;0;0;0;0;0;0
Haiti;0;0;0;0;0;0;0;0;0;0;0;0;0;0;0;0;0;0;0;0;0;0;0;0;0;0;0;0;1.7136439E-4;4.375677E-4;0;0;0;0;0;0;0;0;0;0;0;0;0;0;0;0;0;0;4.1458505E-5;0;0;0;0;0;0;0;0;0;0;0;0;0;0;0;0;0;0;0;0;0;0;0;0;0;0;0;0;0;0;0;0;0;0;0;0;0;0;0;0;0;0;0;0;0;0;0;0;0;0;0;0;0;0;0;0;0;0;0;0;0;0;0;0;0;0;0;0;0;0;0;0;0;0;0;0;0;0;0;0;0;0;0;0;0;0;0;0;0;0;0;0;0;0;0;0;0;0;0;0;0;0
Jamaica;0;0;0;0;0;0;0;0;0;0;0;0;0;0;0;0;0;0;0;0;0;0;0;0;0;0;0;0;7.60041E-4;0.0018120728;0;0;0;0;0;0;0;0;0;0;0;0;0;0;0;0;0;0;1.702445E-4;2.3506081E-4;0;0;0;0;0.0011944246;0;0;0;0;0;0;0;0;0;0;0;0;0;0;0;0;0;0;0;0;0;0;0;0;0;0;0;0;0;0;0;0;0;0;0;0;0;0;0;0;0;0;0;0;0;0;0;0;0;0;0;0;0;0;0;0;0;0;0;0;0;0;0;0;0;0;0;0;0;0;0;0;0;0;0;0;0;0;0;0;0;0;0;0;0;0;0;0;0;0;0;0;0;0;0;0
Trinidad Tbg;0;0;0;0;0;0;0;0;0;0;0;0;0;0;0;0;0;0;0;0;0;0.013583894;0;0;0;0;0;0;0.0015449432;0.0051562223;0;0;0;0;0;2.0170791E-4;0;0;0;0;0;0;0;0;0;0;0;0;0;0;0;0;0;0;3.226534E-4;0;0;0;0;0;0;0;0;0;0;0;0;0;0;0;0;0;0;0;0;0;0;0;0;0;0;0;0;0;0;0;0;0;0;0;0;0;0;4.8979506E-4;0;0;0;0;0;0;0;0;0;0;0;0;0;0;0;0;0;0;0;0;0;0;0;0;0;0;0;0;0;0;0;0;0;0;0;0;0;0;0;0;0;0;0;0;0;0;0;0;0;0;0;0;0;0;0;0;0
Belize;0;0;0;0;0;0;0;0;0;0;0;0;0;0;0;0;0;0;0;0;0;0;0;0;0;0;0;0;6.7924225E-4;0.002499679;0;0;0;0;0;0.004276095;0;0;0;0;0;0;0;0;0;6.175126E-5;0;0;0;0;0;0.0014236629;2.1224825E-4;0.006196153;0;0;0;0;0;0;0;0;0;0;0;0;0;0;0;0;0;0;0;0.0028057804;0;0;0;0;0;0;0;0;0;0;0;0;0;0;0;0;0;0;0;8.302702E-5;0;0;0;0;0;0;0;0;0;0;0;0;0;0;0;0;0;0;0;0;0;0;0;0;0;0;0;0;0;0;0;0;0;0;0;0;0;0;0;0;0;0;0;0;0;0;0;0;0;0;0;0;0;0;0;0;0
Guyana;0;0;0;0;0;0;0;0;0;0;0;0;0;0;0;0;0;0;0;0;0;0.013066122;0;0;0;0;0;0;6.259684E-4;0.0042629237;0;0;0;0;0;1.2334656E-5;0;0;0;0;0;0;0;0;0;0;0;0;0;0;0;0;0;0;0;0;0;0;0;0;0;0;0;0;0;0;0;0;0;0;0;0;0;0;0;0;0;0;0;0;0;0;0;0;0;0;0;0;0;0;0;0;0;1.1198994E-4;0;0;0;0;0;0;0;0;0;0;0;0;0;0;0;0;0;0;0;0;0;0;0;0;0;0;0;0;0;0;0;0;0;0;0;0;0;0;0;0;0;0;0;0;0;0;0;0;0;0;0;0;0;0;0;0;0
Panama;0;0;0;0;0;0;0;0;0;0;0;0;0;0;0;0;0.17449825;0.0056443913;0;0;0.0093387645;0;0;0;0;0;0;0;0.0010974425;0.0143956235;0;0;0;0;0;0.0012182287;0;0;0;0;0;0;0;0;7.4091926E-4;4.74362E-4;0;0;0.002319912;6.6438675E-5;0;1.1729041E-4;0;0.011980235;6.2102605E-5;0;0;0;0;0;0;0;0;0;0;0;0;0;0;0;0;0;0;0.021800665;0;4.1948888E-4;0;0;0;0;0;0;0;0;0;0;0;0;0;0;0;0;0;0.0029201056;0;0;0;0;0;0;0;0;0;0;0;0;0;0;0;0;0;0;0;0;0;0;0;0;0;0;0;0;0;0;0;0;0;0;0;0;0;0;0;0;0;0;0;0;0;0;0;0;0;0;0;0;0;0;0;0;0
Suriname;0;0;0;0;0;0;0;0;0;0;0;0;0;0;0;0;0;0;0;0;0;0.0114823505;0;0;0;0;0;0;4.7680145E-4;0.0014968117;0;0;0;0;0;0.0017141948;0;0;0;0;0;0;0;0;0;0;0;0;0.0013934174;0;0;0;0;0;0;0;0;0;0;0;0;0;0.005516831;0;0;0;0;0;0;0;0;0;0;0;0;0;0;0;0;0;0;0;0;0;0;0;0;0;0;0;0;0;0;3.7844875E-4;0;0;0;0;0;0;0;0;0;0;0;0;0;0;0;0;0;0;0;0;0;0;0;0;0;0;0;0;0;0;0;0;0;0;0;0;0;0;0;0;0;0;0;0;0;0;0;0;0;0;0;0;0;0;0;0;0
Iran;0;0;0;0;0;0;0;0;0;0;0;0;0;0;0;0;0;0;0;0;0;0;0;0;0;0;0;0;1.3140896E-4;0;0;0;0;0;0;0.0012269355;0;0;0;0;0;0;0;4.1956297E-4;0.0031124118;5.6137513E-5;0.0014486824;0;0.002567781;0.0025413765;0;5.629204E-4;4.7810562E-4;0.0058061206;0.0020596588;0;0;2.4994276E-4;5.725051E-4;0;0;0.0028879147;7.7244325E-4;0;0;0;0;0;0;0;0;0;0.013475139;0;0;0.005453355;0;0;0;0;0;0;0;0;0;0;0;0;0;0;0;0;0;9.654305E-5;0;0;0;0;0;0;0;0;0;0;0;0;0;0;0;0;0;0;0;0;0;0;0;0;0;0;0;0;0;0;0;0;0;0.07184188;0;0;0;0;0;0;0;0;0;0;0;0;0;0;0;0;0;0;0;0;0;0;0
Bangladesh;0;0;0;0;0;0;0;0;0;0;0;0;0;0;0;0;0;0;0;0;0;0;0;0;0;0;0;0;0.00359954;0.011171658;0;0;0;0;0;0.0029923231;0;0.025190035;0.98013604;0;0;0;0;0.010235068;0.027420899;0.0063828356;0.0010289706;0.00321468;0.0015224974;0.0036607322;0;0;0;0;0.013516422;0.0018942986;0;0.0018173408;8.942619E-4;0;0;0.021137182;0.014237508;0;0;0;0;0.01830652;0;0;0;0;0;0;0;0.012282741;0;0;0;0;0;0;0;0;0;0;0;0;0;0;0;0;0;0.011156515;0;0;0;0;0;0;0;0;0;0;0;0;0;0;0;0;0;0;0;0;0;0;0;0;0;0;0;0;0;0;0;0;0;0;0;0;0;0;0;0;0;0;0;0;0;0;0.0039018593;0;0;0;0;0;0;0;0;0;0
Myanmar;0;0;0;0;0;0;0;0;0;0;0;0;0;0;0;0;0;0;0;0;0;0;0;0;0;0;0;0;0.0070818774;2.3010635E-4;0;0;0;0;0;0.0040604398;0;0;0.012793751;0;0;0;0;0.088598095;0.014121535;8.13994E-4;2.3317317E-4;0;5.145559E-5;0.0015012809;0;0;0;0;0.004781434;0;0;0;0.011427912;0;0;0.002907527;0.0041457713;0;0;0;0;0.026371147;0;0;0;0;0;0;0;6.866792E-4;0;0;0;0;0;0;0;0;0;0;0;0;0;0;0;0;0;0.010380953;0;0;0;0;0;0;0;0;0;0;0;0;0;0;0;0;0;0;0;0;0;0;0;0;0;0;0;0;0;0;0;0;0;0;0;0;0;0;0;0;0;0;0;0;0;0;0.0018023817;0;0;0;0;0;0;0;0;0;0
China HK SAR;0;0;0;0;0;0;0;0;0;0;0;0;0;0;0;0;0;0;0;0;0;0;0;0;0;0;0;0;0.008093194;0.0017784592;0;0;0;0;0;0.0052334415;0;0;0;0.011181834;0.0055740965;0;0.03081573;0.025210066;0.003313479;0.025921497;0.004744698;0;4.7339145E-5;2.3039845E-4;0;5.3681502E-5;1.3894602E-4;9.656568E-5;0.0018453347;3.2926202E-4;0;0;0.0032197866;0;0;0;5.127893E-4;0;0;0;0;0.0019471104;0;0;0;0;0;0;0;0;0;0;0;0;0;0;0;0;0;0;0;0;0;0;0;0;0;0;0;0;0;0;0;0;0;0;0;0;0;0;0;0;0;0;0;0;0;0;0;0;0;0;0;0;0;0;0;0;0;0;0;0;0;0;0;0;0;0;0;0;0;0;0;0;0;0;0;0;0;0;0;0;0;0;0
Viet Nam;0;0;0;0;0;0;0;0;0;0;0;0;0;0;0;0;0;0;0;0;0;0;0;0;0;0;0;0;0.008661449;0.011548839;0;0;0;0;0.0084434515;0.03063332;0;0;0;0.03199725;0.02126117;0;0;0.037991993;0.034959547;0.01307162;0.005454748;0.0013899773;0.0033746047;0.0049467674;0;0.0045228503;2.5491673E-4;0.0010938311;0.005646201;0.0027903914;0;0;0.040370487;0;0;0.021306828;0.020462684;0;0;0;0;0.025174342;0.002512607;0;0;0;0;0.0031533993;0;0.022785993;0;0;0;0;0;0;0;0;0;0;0;0;0;0;0;0;0;0.040864743;0;0;0;0;0;0.0011181951;0;0;0;0;0;0;0;0;0;0;0;0;0;0;0;0;0;0;0;0;0;0;0;0;0;0;0;0;0;0;0;0;0;0;0;0;0;0;0;0;0.0023421058;0;0;0;0;0;0;0;0;0;0
Finland;0;0;0;0;0;0;0;0;0;0;0;0;0;0;0;0;0;0;0;0;0;0;0;0;0;0;0;0;1.109873E-4;6.0504644E-5;0;0;0;0;0;4.434833E-4;0;0;0;0;0;0;0;0;0;0;0;0.0035578844;0;1.2899205E-4;0;0;0;0;0;2.3131698E-4;0.0037396615;0.017047498;0;0;0;0;0;0;0;0;0;0;0;0;0;0;0;0;0;0;0;0;0;0;0;0;0;0;0;0;0;0;0;0;0;0;0;0;0;0;0.06595216;0;0;0;0;0;0;0;0;0;0;0;0;0;0;0;0;0;0;0;0;0;0;0;0;0;0;0;0;0;0;0;0;0;0;0;0;0;0;0;0;0;0;0;0;0;0;0;0;0;0;0;0;0;0
Estonia;0;0;0;0;0;0;0;0;0;0;0;0;0;0;0;0;0;0;0;0;0;0;0;0;0;0;0;0;0.010093628;5.944316E-5;0;0;0;0;0;2.7732822E-5;0;0;0;0;0;0;0;0;6.8583235E-4;0;0.0015930993;0.0043292767;1.9200286E-4;0.0017410042;0;0;0;0;2.4047251E-4;0.004918091;0.009643808;0.035926353;0;0;0;0;0.008488184;0;0;0;0;0;0;0;0;0;0;0;0;0.012686199;0;0;0;0;0;0;0;0;0;0;0;0;0;0;0;0;0;0;0;0.015363539;0;0;0;0;0;0;0;0;0;0;0;0;0;0;0;0;0;0;0;0.046117518;0;0;0;0;0;0;0;0;0;0;0;0;0;0;0;0.022781188;0;0;0;0;0;0;0;0;0;0;0;0;0;0.020450227;0;0;0;0;0
Latvia;0;0;0;0;0;0;0;0;0;0;0;0;0;0;0;0;0;0;0;0;0;0;0;0;0;0;0;0;5.078779E-4;6.994007E-5;0;0;0;0;0.0042139934;0;0;0;0;0;0;0;0;0;0;0;0;0.004858792;0;1.476415E-4;0;0;0;6.727699E-5;0;0;0.005877288;0.047110707;0;0;0;0;0;0;0;0;0;0;0;0;0;0;0;0;0;0;0;0;0;0;0;0;0;0;0;0;0;0;0;0;0;0;0;0;0;0;0;0;0;0;0;0;0;0;0;0;0;0;0;0;0;0;0;0;0;0.15516044;0;0;0;0;0;0;0;0;0;0;0;0;0;0;0;0.014284978;0;0;0;0;0;0;0;0.0071394574;0;0;0;0;0;0.007120105;0;0;0;0;0
Lithuania;0;0;0;0;0;0;0;0;0;0;0;0;0;0;0;0;0;0;0;0;0;0;0;0;0;0;0;0;0.0031218508;0;0;0;0;0;8.2733453E-4;1.7655488E-5;0;0;0;0;0;0;0;0;0.0011086245;0;0;0.003737658;3.616593E-5;0.0015012809;0;0;0;0;0;0.0010711435;5.055732E-4;0.007070811;0;0;0;0;0;0;0;0;0;0;0;0;0;0;0;0;0;0;0;0;0;0;0;0;0;0;0;0;0;0;0;0;0;0;0;0;0;0;0;0;0;0.0017637828;0;0;0;0;0;0;0;0;0;0;0;0;0;0;0;0.03292124;0;0.0039275005;0;0;0;0;0;0;0;0;0;0;0;0;0;0.008534887;0;0;0;0;0;0;0;0;0;0;0;0;0;0;0;0;0;0;0
Poland;0;0;0;0;0;0;0;0;0;0;0;0;0;0;0;0;0;0;0;0;0;0;0;0;0;0;0;0;3.871237E-4;5.8841653E-4;0;0;0;0;0;5.6666863E-4;0;0;0;0;7.381053E-4;0;0;0;0;0;0.00214068;0.013559837;0.0046627587;0.041870352;0;0;0;1.7863202E-4;0.0019037017;0.0023965272;0.0026589988;0.0146601945;0;0;0;0.00222796;0.011911487;0;0;0;0;0;0;0;0;0;0;0;0;0.01247779;0;0;0;0;0;0;0;0;0;0;0;0;0;0;0;0;0;0;0;0;0.028790586;0.0090248985;0.057746258;0;0;0;0;0;0;0;0;0.0095524015;0;0;0;0;0;0;0;0;0;0.047076933;0;0;0;0;0;0.080180086;0;0;0;0;0;0;0;0.093999796;0;0;0;0;0.011540136;0;0.3875084;0.19562113;0.0016835433;0;0;0;0;0.064402156;0;0;0;0;0
Fiji;0;0;0;0;0;0;0;0;0;0;0;0;0;0;0;0;0;0;0;0;0;0;0;0;0;0;0;0;0.0011427252;0.0024665373;0;0;0;0;0;6.9348176E-4;0;0;0;0;5.5311184E-4;0;0;0;3.7459115E-4;1.9367442E-4;0;0;0;8.058118E-4;0;0;0;0;0;0;0;0;5.170298E-4;0;0;0;0;0;0;0;0;0;0;0;0;0;0;0;0;0;0;0;0;0;0;0;0;0;0;0;0;0;0;0;0;0;0;0.0025204173;0;0;0;0;0;0;0;0;0;0;0;0;0;0;0;0;0;0;0;0;0;0;0;0;0;0;0;0;0;0;0;0;0;0;0;0;0;0;0;0;0;0;0;0;0;0;0;0;0;0;0;0;0;0;0;0;0
Dem.Rp.Congo;0;0;0;0;0;0;0;0;0;0;0;0;0;0;0;0;0;0;0;0;0;0;0;0;0;0;0;0;0;2.807038E-5;0;0;0;0;0;0;0;0;0;0;0;0;0;0;0;0;0;0;0;4.3515392E-5;0;0;0;0;5.3230808E-5;0;0;0;0;0;0;0;0;0;0;0;0;0;0;0;0;0;0;0;0;0;0;0;0;0;0;0;0;0;0;0;0;0;0;0;0;0;0;0;0;0;0;0;0;0;0;0;0;0;0;0;0;0;0;0;0;0;0;0;0;0;0;0;0;0;0;0;0;0;0;0;0;0;0;0;0;0;0;0;0;0;0;0;0;0;0;0;0;0;0;0;0;0;0;0;0
Guinea;0;0;0;0;0;0;0;0;0;0;0;0;0;0;0;0;0;0;0;0;0;0;0;0;0;0;0;0;0;2.3942384E-5;0;0;0;0;0;5.091875E-4;0;0;0;0;0.0010464278;0;0;0;0;0;0;0;0.0018603401;0;0;2.989251E-4;1.3128758E-4;0.0011007908;0;0;0;0;0;0;0;0;1.9012316E-4;0;0;0;0;0;0.006639203;0;0;0;0;0;0;0;0;0;0;0;0;0;0;0;0;0;0;0;0;0;0;0;0;0.0023099533;0;0;0;0;0;0;0;0;0;0;0;0;0;0;0;0;0;0;0;0;0;0;0;0;0;0;0;0;0;0;0;0;0;0;0;0;0;0;0;0;0;0;0;0;0;0;0;0;0;0;0;0;0;0;0;0;0
Kenya;0;0;0;0;0;0;0;0;0;0;0;0;0;0;0;0;0;0;0;0;0;0;0;0;0;0;0;0;0;1.3469065E-4;0;0;0;0;0.15495124;4.3509895E-4;0;0;0;0;0;0;0;0.011736424;0;0;0;0;8.641599E-4;4.6507074E-4;0;0.0073687057;0.0075282487;5.6257486E-5;7.050747E-5;0;1.864301E-4;0;0.014175049;0;0;6.4622605E-4;0.0038502654;0;0;0;0;0.0015880688;0.011470597;0;0;0;0;0;0;0;0;0;0;0;0;0;0;0;0;0;0;0;0;0;0;0;0;0.00635382;0;0;0;0;0;0;0;0;0;0;0;0;0;0;0;0;0;0;0;0;0;0;0;0;0;0;0;0;0;0;0;0;0;0;0;0;0;0;0;0;0;0;0;0;0;0;0;0;0;0;0;0;0;0;0;0;0
Nigeria;0;0;0;0;0;0;0;0;0;0;0;0;0;0;0;0;0;0;0;0;0;0;0;0;0;0;0;0;0;8.444703E-5;0;0;0;0;0;0;0;0;0;0;0;0;0;0;0;0;0;0;0.004197306;6.8769856E-5;0;4.1548014E-5;0.016762141;0.002282778;4.641353E-4;0;0;0;0;0;0;0.0020857705;0.018679872;0;0;0;0;0;0;0;0;0;0;0;0;5.156774E-4;0;0;0;0;0;0;0;0;0;0;0;0;0;0;0;0;0;0;0;0;0;0;0;0;0;0;0;0;0;0;0;0;0;0;0;0;0;0;0;0;0;0;0;0;0;0;0;0;0;0;0;0;0;0;0;0;0;0;0;0;0;0;0;0;0;0;0;0;0;0;0;0;0;0;0
Uganda;0;0;0;0;0;0;0;0;0;0;0;0;0;0;0;0;0;0;0;0;0;0;0;0;0;0;0;0;0;9.435422E-5;0;0;0;0;0.0033402664;2.664447E-4;0;0;0;0;0;0;0;0;0;0;0;0;8.0711767E-4;9.313071E-4;0;0;7.8553736E-4;0;4.0670205E-4;0;0;0;0.0058426587;0;0;0.02521066;0.008418653;0;0;0;0;0.0017215586;0.006470051;0;0;0;0;0;0;0;0;0;0;0;0;0;0;0;0;0;0;0;0;0;0;0;0;0.0018999672;0;0;0;0;0;0;0;0;0;0;0;0;0;0;0;0;0;0;0;0;0;0;0;0;0;0;0;0;0;0;0;0;0;0;0;0;0;0;0;0;0;0;0;0;0;0.0084086945;0;0;0;0;0;0;0;0;0;0;0
Zambia;0;0;0;0;0;0;0;0;0;0;0;0;0;0;0;0;0;0;0;0;0;0;0;0;0;0;0;0;0;1.2619877E-5;0;0;0;0;0;0;0;0;0;0;0;0;0;0;0;0;0;0;0;4.118421E-5;0;0;0;0;0;0;0;0;0;0;0;0;0;0;0;0;0;0;0;0;0;0;0;0;0;0;0;0;0;0;0;0;0;0;0;0;0;0;0;0;0;0;0;0;0;0;0;0;0;0;0;0;0;0;0;0;0;0;0;0;0;0;0;0;0;0;0;0;0;0;0;0;0;0;0;0;0;0;0;0;0;0;0;0;0;0;0;0;0;0;0;0;0;0;0;0;0;0;0;0;0
Slovenia;0;0;0;0;0;0;0;0;0;0;0;0;0;0.20321587;0;0;0;0;0;0;0;0;0;0;0;0;0;0;0;0;0;0;0;0;0;0;0;0;0;0;0;0;0;0;0;0;0;0;0;0;0;1.213349E-4;0;0;0;0;0;0;3.528229E-4;0;0;0;0;0;0;0;0;0;0;0;0;0;0;0;0;0;0;0;0;0;0;0;0;0;0;0;0;0;0;0;0;0;0;0;0;0;0;0;0;0;0;0;0;0;0;0;0;0;0;0;0;0;0;0;0;0;0;0;0.04770042;0;0;0;0;0;0;0;0;0;0;0;0.007552976;0.012828116;0;0;0;0;0;0;0;0;0.010636033;0;0;0;0;0.0051928586;0;0;0;0;0
Guatemala;0;0;0;0;0;0;0;0;0;0;0;0;0;0;0;0;0;0;0;0;0;0;0;0;0;0;0;0;0;0.0024970844;0;0;0;0;0;0;0;0;0;0;0;0;0;0;0;6.09092E-4;0;0;0.002098212;0;0;6.949181E-5;0;8.5575174E-4;1.6716341E-4;0;0;0;0;0;0;0;0;0;0;0;0;0;0;0;0;0;0;0;0;0;0;0;0;0;0;0;0;0;0;0;0;0;0;0;0;0;0;0;0;0;0;0;0;0;0;0;0;0;0;0;0;0;0;0;0;0;0;0;0;0;0;0;0;0;0;0;0;0;0;0;0;0;0;0;0;0;0;0;0;0;0;0;0;0;0;0;0;0;0;0;0;0;0;0;0
Barbados;0;0;0;0;0;0;0;0;0;0;0;0;0;0;0;0;0;0;0;0;0;0;0;0;0;0;0;0;0;2.0215391E-4;0;0;0;0;0;0;0;0;0;0;0;0;0;0;0;0;0;0;0;0;0;0;0;0;0;0;0;0;0;0;0;0;0;0;0;0;0;0;0;0;0;0;0;0;0;0;0;0;0;0;0;0;0;0;0;0;0;0;0;0;0;0;0;0;0;0;0;0;0;0;0;0;0;0;0;0;0;0;0;0;0;0;0;0;0;0;0;0;0;0;0;0;0;0;0;0;0;0;0;0;0;0;0;0;0;0;0;0;0;0;0;0;0;0;0;0;0;0;0;0;0
Dominican Rp;0;0;0;0;0;0;0;0;0;0;0;0;0;0;0;0;0;0;0;0;0;0;0;0;0;0;0;0;0;1.2619876E-4;0;0;0;0;0;0;0;0;0;0;0;0;0;0;0;0;0;0;0;0;0;0;0;0;0;0;0;0;0;0;0;0;0;0;0;0;0;0;0;0;0;0;0;0;0;0;0;0;0;0;0;0;0;0;0;0;0;0;0;0;0;0;0;0;0;0;0;0;0;0;0;0;0;0;0;0;0;0;0;0;0;0;0;0;0;0;0;0;0;0;0;0;0;0;0;0;0;0;0;0;0;0;0;0;0;0;0;0;0;0;0;0;0;0;0;0;0;0;0;0;0
Bahrain;0;0;0;0;0;0;0;0;0;0;0;0;0;0;0;0;0;0;0;0;0;0;0;0;0;0;0;0;0;8.40932E-5;0;0;0;0;0;0;0.034355827;0.029626636;0;0;0;0;0;0;2.1208469E-4;0;0;0;2.8138858E-4;0;0;0;4.901403E-4;1.6413267E-4;0;0;0;0;0;0;0;1.2257702E-4;0;0;0;0;0;0;5.21551E-4;0;0;0;0;0;0;0;0;0;0;0;0;0;0;0;0;0;0;0;0;0;0;0;0;0;0;0;0;0;0;0;0;0;0;0;0;0;0;0;0;0;0;0;0;0;0;0;0;0;0;0;0;0;0;0;0;0;0;0;0;0;0;0;0;0;0;0;0;0;0;0;0;0;0;0;0;0;0;0;0;0;0
Yemen;0;0;0;0;0;0;0;0;0;0;0;0;0;0;0;0;0;0;0;0;0;0;0;0;0;0;0;0;0;3.9628772E-5;0;0;0;0;0;2.9264577E-4;0.31533742;0.114267126;0;0;0;0;0;0.0011248824;0.00386848;2.2455006E-5;0;0;8.606315E-4;0;0;2.6105388E-4;0;4.6832906E-4;0;0;0;0;0;0;0;0;0.0014492817;0;0;0;0;0;0;0;0;0;0;0;0;0;0;0;0;0;0;0;0;0;0;0;0;0;0;0;0;0;0;0.004179027;0;0;0;0;0;0;0;0;0;0;0;0;0;0;0;0;0;0;0;0;0;0;0;0;0;0;0;0;0;0;0;0;0;0;0;0;0;0;0;0;0;0;0;0;0;0;0;0;0;0;0;0;0;0;0;0;0
Cambodia;0;0;0;0;0;0;0;0;0;0;0;0;0;0;0;0;0;0;0;0;0;0;0;0;0;0;0;0;0;4.9182137E-5;0;0;0;0;0;2.3137558E-4;0;0;0;0;0;0;0;0.0031342488;0.0012119126;0;0;0;0;0.001700597;0;0;0;0;2.3813781E-4;0;0;0;0.0010850969;0;0;6.570128E-4;0;0;0;0;0;0;0;0;0;0;0;0;0;0;0;0;0;0;0;0;0;0;0;0;0;0;0;0;0;0;0;0.006297825;0;0;0;0;0;0;0;0;0;0;0;0;0;0;0;0;0;0;0;0;0;0;0;0;0;0;0;0;0;0;0;0;0;0;0;0;0;0;0;0;0;0;0;0;0;0;0;0;0;0;0;0;0;0;0;0;0
Sri Lanka;0;0;0;0;0;0;0;0;0;0;0;0;0;0;0;0;0;0;0;0;0;0;0;0;0;0;0;0;0;0.0012601006;0;0;0;0;0;0.0052624643;0;0;0;0;0;0;0;0.011244288;0.0027116544;0.0013501073;0;0;0.0020667505;6.9119537E-4;0;1.08466054E-4;1.4222821E-4;3.3348508E-5;9.819682E-4;0;0;0;2.5074836E-4;0;0;6.0405955E-4;8.897764E-4;0;0;0;0;0;0;0;0;0;0;0;0;0.0035696633;0;0;0;0;0;0;0;0;0;0;0;0;0;0;0;0;0;0.003278602;0;0;0;0;0;0;0;0;0;0;0;0;0;0;0;0;0;0;0;0;0;0;0;0;0;0;0;0;0;0;0;0;0;0;0;0;0;0;0;0;0;0;0;0;0;0;0;0;0;0;0;0;0;0;0;0;0
Kazakhstan;0;0;0;0;0;0;0;0;0;0;0;0;0;0;0;0;0;0;0;0;0;0;0;0;0;0;0;0;0;2.170147E-4;0;0;0;0;0;2.1686421E-5;0;0;0;0;0;0;0;0;0;0;1.8202551E-4;0;1.7788932E-4;0.0019624664;0;0;0;0;0;0;0;0.019523567;0;0;0;0;5.442954E-4;0;0;0;0;0;0;0;0;0;0.002960364;0.0037493173;0;6.198816E-4;0;0;0;0;0;0;0;0;0;0;0;0;0;0;0;0;0;0;0;0;0;0;0;0.00531606;0;0;0;0;0;0;0;0;0;0;0;0;0;0;0;0;0;0;0;0;0;0;0;0;0;0;0;0;0.59481037;0;0;0;0;0;0;0;0;0;0;0;0;0;0;0;0;0;0;0;0;0;0
Bulgaria;0;0;0;0;0;0;0;0;0;0;0;0;0;0;0;0;0;0;0;0;0;0;0;0;0;0;0;0;0;4.505414E-5;0;0;0;0;0;1.7470065E-4;0;0;0;0;0;0;0;0;0;0;0;0;3.5283833E-6;1.3482E-4;0;0;0;0;0;0;0;0;0;0;0;0;0.008211148;0;0;0;0;0;7.188946E-4;0;0;0;0;0.025624473;0;0;0;0;0;0;0;0;0;0;0;0;0;0;0;0;0;0;0;0;0;0;0;0;0;0;0;0;0;0;0;0;0;0;0;0;0;0;0;0;0;0;0;0.023671152;0;0;0;0;0;0;0;0;0;0;0;0;0;0.0020885977;0;0;0;0;0.032660764;0;0;0;0;0;0;0;0;0;0;0;0;0;0
Romania;0;0;0;0;0;0;0;0;0;0;0;0;0;0;0;0;0;0;0;0;0;0;0;0;0;0;0;0;0;8.845708E-5;0;0;0;0;0;0;0;0;0;0;0;0;0;0;0;0;0;0;0;0;0;1.15084316E-4;0;0;0;0;0;0;0;0;0;0;0.0039360924;0;0;0;0;0;6.660347E-4;0;0;0;0;0;0;0;0;0;0;0;0;0;0;0;0;0;0;0;0;0;0;0;0;0;0;0;0;0;0;0;0;0;0;0;0;0;0;0;0;0;0;0;0;0;0;0;0;0;0;0;0;0;0;0;0;0;0;0;0;0;0;0;0;0;0;0;0;0;0;0;0;0;0;0;0;0;0;0;0;0;0
Croatia;0;0;0;0;0;0;0;0;0;0;0;0;0;0;0;0;0;0;0;0;0;0;0;0;0;0;0;0;0;2.7244781E-5;0;0;0;0;0;4.5493114E-4;0;0;0;0;0;0;0;0;0;5.894439E-5;0;0;4.5280918E-5;0;0;0.0042235577;0;0;0;0;0;0;4.038602E-4;0;0;3.4419628E-4;0;0;0;0;0;0;0;0;0;0;0;0;0;0;0;0;0;0;0;0;0;0;0;0;0;0;0;0;0;0;0;0;0;0;0;0;0;4.2318433E-4;0;0;0;0;0;0;0;0.121335;0;0;0;0;0;0;0;0;0;0;0;0;0;0;0;0;0;0;0;0;0;0;0;0.051660564;0;0;0;0;0;0;0;0.012137078;0.019638037;0;0;0;0;0.0456918;0;0;0;0;0
Papua N.Guin;0;0;0;0;0;0;0;0;0;0;0;0;0;0;0;0;0;0;0;0;0;0;0;0;0;0;0;0;0;6.261582E-4;0;0;0;0;0;9.1744045E-4;0;0;0;0;0.0019433658;0;0.12341489;0.0017100027;0.039198484;8.58904E-4;0;2.3779152E-4;1.8935658E-4;0.0011768582;0;0;0;0;0;0;0;0;0.0059292;0;0;0;0;0;0;0;0;0;0;0;0;0;0;0;0;0;0;0;0;0;0;0;0;0;0;0;0;0;0;0;0;0;0;0.004612183;0;0;0;0;0;0;0;0;0;0;0;0;0;0;0;0;0;0;0;0;0;0;0;0;0;0;0;0;0;0;0;0;0;0;0;0;0;0;0;0;0;0;0;0;0;0;0;0;0;0;0;0;0;0;0;0;0
Samoa;0;0;0;0;0;0;0;0;0;0;0;0;0;0;0;0;0;0;0;0;0;0;0;0;0;0;0;0;0;5.6069996E-4;0;0;0;0;0;0;0;0;0;0;0;0;0;5.783165E-4;0.0032983301;0;0;0;0;0;0;0;0;0;0;0;0;0;0;0;0;0;0;0;0;0;0;0;0;0;0;0;0;0;0;0;0;0;0;0;0;0;0;0;0;0;0;0;0;0;0;0;0;3.8102324E-4;0;0;0;0;0;0;0;0;0;0;0;0;0;0;0;0;0;0;0;0;0;0;0;0;0;0;0;0;0;0;0;0;0;0;0;0;0;0;0;0;0;0;0;0;0;0;0;0;0;0;0;0;0;0;0;0;0
Paraguay;0;0;0;0;0;0;0;0;0;0;0;0;0;0;0;0;0;0;0;0;0;0;0;0;0;0;0;0;0;0;0;0;0;0;0;0;0;0;0;0;0;0;0;0;0;0;0;0;0;0;0;0;0;0;0;0;0;0;0;0;0;0;0;0;0;2.1502413E-4;0;0;0;0;0;0;0;0;0;0;0;0;0;0;0;0;0;0;0;0;0;0;0;0;0;0;0;0;0;0;0;0;0;0;0;0;0;0;0;0;0;0;0;0;0;0;0;0;0;0;0;0;0;0;0;0;0;0;0;0;0;0;0;0;0;0;0;0;0;0;0;0;0;0;0;0;0;0;0;0;0;0;0;0;0
Cyprus;0;0;0;0;0;0;0;0;0;0;0;0;0;0;0;0;0;0;0;0;0;0;0;0;0;0;0;0;0;0;0;0;0;0;0.008087775;2.6362304E-5;0;0;0;0;0;0;0;0;0;0;0;0;0;0;0;0;0;0;1.9331188E-4;0;0;0.0028194478;0;0;0;0;0;0;0;0;0;0;0.003538089;0;0;0;0;0;0;0;0;0;0;0;0;0;0;0;0;0;0;0;0;0;0;0;0;0;0;0;0;0;0;0.009112363;0;0;0;0;0;0;0;0;0;0;0;0;0;0;0;0;0;0;0;0;0;0;0;0;0;0;0;0;0;0;0;0;0;0;0;0;0;0;0;0;0;0;0;0;0;0;0;0;0;0;0
Ukraine;0;0;0;0;0;0;0;0;0;0;0;0;0;0;0;0;0;0;0;0;0;0;0;0;0;0;0;0;0;0;0;0;0;0;0.001492295;0;0;0;0;0;0;0;0;0;0;0;0;0;0;0;0;0;0;7.16268E-5;1.3821332E-4;0;0;0.043099944;0;0;0;0;9.777762E-4;0;0;0;0;0;0;0;0;0;0;0.0024829914;0;0;0;0;0;0;0;0;0;0;0;0;0;0;0;0;0;0;0;0;0;0;0;0;0;0.0063693873;0;0;0;0;0;0;0;0;0;0;0;0;0;0;0;0;0.020416198;0;0;0;0;0;0;0;0;0;0;0;0;0;0;0;0;0;0;0;0;0;0;0;0;0;0;0;0;0;0;0;0;0;0
Gabon;0;0;0;0;0;0;0;0;0;0;0;0;0;0;0;0;0;0;0;0;0;0;0;0;0;0;0;0;0;0;0;0;0;0;0;4.5549546E-5;0;0;0;0;0;0;0;0;0;0;0;0;0.0013501947;0;0;0;0;0.002281328;0;0;0;0;0;0;0;0;0;0;0;0;0;0;0;0;0;0;0;0;0;0;0;0;0;0;0;0;0;0;0;0;0;0;0;0;0;0;0;4.3251287E-4;0;0;0;0;0;0;0;0;0;0;0;0;0;0;0;0;0;0;0;0;0;0;0;0;0;0;0;0;0;0;0;0;0;0;0;0;0;0;0;0;0;0;0;0;0;0;0;0;0;0;0;0;0;0;0;0;0
Cote Divoire;0;0;0;0;0;0;0;0;0;0;0;0;0;0;0;0;0;0;0;0;0;0;0;0;0;0;0;0;0;0;0;0;0;0;0;1.757487E-5;0;0;0;0;0;0;0;0;0;0;0;0;0.06371466;4.8566286E-5;0;0.0046493327;7.833492E-4;0.0020519483;0.002352895;0;0;0;0;0;0;0.0018602288;0;0;0;0;0;0;0;0;0;0;0;0;0;0;0;0;0;0;0;0;0;0;0;0;0;0;0;0;0;0;0;0;0;0;0;0;0;0;0;0;0;0;0;0;0;0;0;0;0;0;0;0;0;0;0;0;0;0;0;0;0;0;0;0;0;0;0;0;0;0;0;0;0;0;0;0;0;0;0;0;0;0;0;0;0;0;0;0;0
Sierra Leone;0;0;0;0;0;0;0;0;0;0;0;0;0;0;0;0;0;0;0;0;0;0;0;0;0;0;0;0;0;0;0;0;0;0;0;6.167328E-5;0;0;0;0;0;0;0;0;0;0;0;5.9243594E-4;0;0;0.0079331985;9.927401E-5;0;0.0027827157;2.9837267E-4;0;0;0;0;0;0;0;0;0;0;0;0;0;0.006931694;0;0;0;0;0;0;0;0;0;0;0;0;0;0;0;0;0;0;0;0;0;0;0;0;0;0;0;0;0;0;7.3825585E-4;0;0;0;0;0;0;0;0;0;0;0;0;0;0;0;0;0;0;0;0;0;0;0;0;0;0;0;0;0;0;0;0;0;0;0;0;0;0;0;0;0;0;0;0;0;0;0;0;0;0;0
Kuwait;0;0;0;0;0;0;0;0;0;0;0;0;0;0;0;0;0;0;0;0;0;0;0;0;0;0;0;0;0;0;0;0;0;0;0;5.419187E-4;0;0;0;0;0;0;0;0;0;0;0;0;0;0;0;0;0;3.537842E-5;0;0;0;0;0;0;0;0;0;0;0;0;0;0;6.061268E-4;0;0;0;0;0;0;0;0;0;0;0;0;0;0;0;0;0;0;0;0;0;0;0;0;0;0;0;0;0;0;0;0;0;0;0;0;0;0;0;0;0;0;0;0;0;0;0;0;0;0;0;0;0;0;0;0;0;0;0;0;0;0;0;0;0;0;0;0;0;0;0;0;0;0;0.045192227;0;0;0;0;0;0;0
Azerbaijan;0;0;0;0;0;0;0;0;0;0;0;0;0;0;0;0;0;0;0;0;0;0;0;0;0;0;0;0;0;0;0;0;0;0;0;1.692992E-5;0;0;0;0;0;0;0;0;0;0;0;0;0;3.3102778E-4;0;0;0;0;0;0;0;0;0;0;0;0;0;0;0;0;0;0;0;0;0;0;0;0;0;0;0;0;0;0;0;0;0;0;0;0;0;0;0;0;0;0;0;0;0;0;0;0;0;0;0;0;0;0;0;0;0;0;0;0;0;0;0;0;0;0;0;0;0;0;0;0;0;0;0;0;0;0;0;0;0;0;0;0;0;0;0;0;0;0;0;0;0;0;0;0;0;0;0;0;0
Korea D P Rp;0;0;0;0;0;0;0;0;0;0;0;0;0;0;0;0;0;0;0;0;0;0;0;0;0;0;0;0;0;0;0;0;0;0;0;0.0042505385;0;0;0;0;2.1676003E-4;0;0;0;0;3.6489384E-4;0.0034193718;0;0;0;0;0;0;0;0;0;0;0.003679064;0;0;0;0;0;0;0;0;0;0;0;0;0;0;0;0;0;0;0;0;0;0;0;0;0;0;0;0;0;0;0;0;0;0;0;0;0;0;0;0;0;0;0;0;0;0;0;0;0;0;0;0;0;0;0;0;0;0;0;0;0;0;0;0;0;0;0;0;0;0;0;0;0;0.0013279356;0;0;0;0;0;0;0;0;0;0;0;0;0;0;0;0;0;0;0
Malta;0;0;0;0;0;0;0;0;0;0;0;0;0;0;0;0;0;0;0;0;0;0;0;0;0;0;0;0;0;0;0;0;0;0;0;1.2898986E-4;0;0;0;0;0;0;0;0;0;0;0;0;0;0;0;0.0017045715;0;0;0;0;0;0;0;0;0;0;0;0;0;0;0;0;0;0;0;0;0;0;0;0;0;0;0;0;0;0;0;0;0;0;0;0;0;0;0;0;0;0;0;0;0;0;0;0;0;0;0;0;0;0;0;0;0;0;0;0;0;0;0;0;0;0;0;0;0;0;0;0;0;0;0;0;0;0;0;0;0;0;0;0;0;0;0;0;0;0;0;0;0;0;0;0;0;0;0
Czech Rep;0;0;0;0;0;0;0;0;0;0;0;0;0;0;0;0;0;0;0;0;0;0;0;0;0;0;0;0;0;0;0;0;0;0;0;1.0077333E-5;0;0;0;0;0;0;0;0;0;0;0;0;8.174088E-4;0.0043189027;0;1.4780798E-4;0;4.4947992E-5;2.1619178E-4;0;7.267614E-4;2.8030964E-4;0;0;0;9.1981795E-4;4.0414752E-4;0;0;0;0;0;0;0;0;0;0;0;0;7.3477346E-4;0;0;0;0;0;0;0;0;0;0;0;0;0;0;0;0;0;0;0;0;0;0;0;0;0;0;0;0;0;0;0;0;0;0;0;0;0;0;0;0;0;0;0;0;0;0;0;0;0;0;0;0;0;0;0;0;0;0;0;0;0.04151546;0;0;0;0.008977247;0;0;0;0;0.07245912;0;0;0;0;0
Togo;0;0;0;0;0;0;0;0;0;0;0;0;0;0;0;0;0;0;0;0;0;0;0;0;0;0;0;0;0;0;0;0;0;0;0;0;0;0;0;0;0;0;0;0;0;0;0;0;1.6436385E-4;0;0;0;0;3.1579589E-4;0;0;0;0;0;0;0;0.0010571042;4.954066E-4;0;0;0;0;0;0.0010748178;0;0;0;0;0;0;0;0;0;0;0;0;0;0;0;0;0;0;0;0;0;0;0;0;6.0049776E-4;0;0;0;0;0;0;0;0;0;0;0;0;0;0;0;0;0;0;0;0;0;0;0;0;0;0;0;0;0;0;0;0;0;0;0;0;0;0;0;0;0;0;0;0;0;0;0;0;0;0;0;0;0;0;0;0;0
Bolivia;0;0;0;0;0;0;0;0;0;0;0;0;0;0;0;0;0;0;0;0;0;0;0;0;0;0;0;0;0;0;0;0;0;0;0;0;0;0;0;0;0;0;0;0;3.5806507E-4;0;0;0;0;0;0;0;0;0;0;0;0;0;0;0;0;0;0;0;0;0;0;0;0;0;0;0;0;0;0;0;0;0;0;0;0;0;0;0;0;0;0;0;0;0;0;0;0;0;0;0;0;0;0;0;0;0;0;0;0;0;0;0;0;0;0;0;0;0;0;0;0;0;0;0;0;0;0;0;0;0;0;0;0;0;0;0;0;0;0;0;0;0;0;0;0;0;0;0;0;0;0;0;0;0;0
Nepal;0;0;0;0;0;0;0;0;0;0;0;0;0;0;0;0;0;0;0;0;0;0;0;0;0;0;0;0;0;0;0;0;0;0;0;0;0;0;0;0;0;0;0;0;2.1070753E-4;0;0;0;0;0;0;0;0;0;0;0;0;0;0;0;0;0;0;0;0;0;0;0;0;0;0;0;0;0;0;0;0;0;0;0;0;0;0;0;0;0;0;0;0;0;0;0;0;0;0;0;0;0;0;0;0;0;0;0;0;0;0;0;0;0;0;0;0;0;0;0;0;0;0;0;0;0;0;0;0;0;0;0;0;0;0;0;0;0;0;0;0;0;0;0;0;0;0;0;0;0;0;0;0;0;0
Gibraltar;0;0;0;0;0;0;0;0;0;0;0;0;0;0;0;0;0;0;0;0;0;0;0;0;0;0;0;0;0;0;0;0;0;0;0;0;0;0;0;0;0;0;0;0;3.566879E-4;0;0;0;0;0;0;0;0;0;0;0;0;0.0027143317;0;0;0;0;0;0;0;0;0;0;0;0;0;0;0;0;0;0;0;0;0;0;0;0;0;0;0;0;0;0;0;0;0;0;0;0;0;0;0;0;0;0;0;0;0;0;0;0;0;0;0;0;0;0;0;0;0;0;0;0;0;0;0;0;0;0;0;0;0;0;0;0;0;0;0;0;0;0;0;0;0;0;0;0;0;0;0;0;0;0;0;0;0
Yugoslavia;0;0;0;0;0;0;0;0;0;0;0;0;0;0;0;0;0;0;0;0;0;0;0;0;0;0;0;0;0;0;0;0;0;0;0;0;0;0;0;0;0;0;0;0;0;9.5433774E-5;0;0;0;0;0;5.3313823E-5;0;0;0;0;0;0;0;0;0;0;0;0;0;0;0;0;0;0;0;0;0;0;0;0;0;0;0;0;0;0;0;0;0;0;0;0;0;0;0;0;0;0;0;0;0;0;0;0;0;0;0;0;0;0;0;0;0;0;0;0;0;0;0;0;0;0;0;0;0;0;0;0;0;0;0;0;0;0;0;0;0;0;0;0;0;0;0;0;0;0;0;0;0;0;0;0;0;0;0
Benin;0;0;0;0;0;0;0;0;0;0;0;0;0;0;0;0;0;0;0;0;0;0;0;0;0;0;0;0;0;0;0;0;0;0;0;0;0;0;0;0;0;0;0;0;0;0;0;0;2.8197662E-4;0;0;0;0;0;0;0;0;0;0;0;0;0.0011943905;0;0;0;0;0;0;0;0;0;0;0;0;0;0;0;0;0;0;0;0;0;0;0;0;0;0;0;0;0;0;0;0;0;0;0;0;0;0;0;0;0;0;0;0;0;0;0;0;0;0;0;0;0;0;0;0;0;0;0;0;0;0;0;0;0;0;0;0;0;0;0;0;0;0;0;0;0;0;0;0;0;0;0;0;0;0;0;0;0
Belarus;0;0;0;0;0;0;0;0;0;0;0;0;0;0;0;0;0;0;0;0;0;0;0;0;0;0;0;0;0;0;0;0;0;0;0;0;0;0;0;0;0;0;0;0;0;0;0;0;0;4.429245E-5;0;0;0;0;0;0;0;0;0;0;0;1.3630565E-4;0.0012200475;0;0;0;0;0;0;0;0;0;0;0;0;0;0;0;0;0;0;0;0;0;0;0;0;0;0;0;0;0;0;0;0;0;0;0;0;0;0;0;0;0;0;0;0;0;0;0;0;0;0;0;0;0;0;0;0;0;0;0;0;0;0;0;0;0;0;0;0;0;0;0;0;0;0;0;0;0;0;0;0;0;0;0;0;0;0;0;0
Hungary;0;0;0;0;0;0;0;0;0;0;0;0;0;0.03523777;0;0;0;0;0;0;0;0;0;0;0;0;0;0;0;0;0;0;0;0;0;0;0;0;0;0;0;0;0;0;0;0;0;0;0;5.653115E-4;0;6.0005626E-4;0;0;0;0;0;0;0;0;0;5.648349E-4;0;0;0;0;0;0;0;0;0;0;0;0;0;0;0;0;0;0;0;0;0;0;0;0;0;0;0;0;0;0;0;0;0;0;0;0;0;0.0032495614;0;0;0;0;0;0;0;0.0046787276;0;0;0;0;0;0;0;0;0;0.004299021;0;0;0;0;0;0;0;0;0;0;0;0;0;0.0014439689;0;0;0;0;0.0036289736;0;0;0;0.0010002229;0;0;0;0;0.003854493;0;0;0;0;0
Austria;0;0;0;0;0;0;0;0;0;0;0;0;0;0;0;0;0;0;0;0;0;0;0;0;0;0;0;0;0;0;0;0;0;0;0;0;0;0;0;0;0;0;0;0;0;0;0;1.2829303E-4;0;5.979481E-4;0;5.5005157E-4;0;0;0;0;0;0;0;0;0;0;0;0;0;0;0;0;3.982112E-4;0;0;0;0;0;0;0.0031635338;0;0;0;0;0;0;0;0;0;0;0;0;0;0;0;0;0;0;0;0;0;0;0;0;0;0;0;0;0;0;0;0.00580942;0;0;0;0;0;0;0;0;0;0;0.0666927;0;0;0;0;0;0;0;0;0;0;0;0;0.003738848;0;0;0;0;0;0;0;0.018760908;0;0;0;0;0;0.002837335;0;0;0;0;0
Algeria;0;0;0;0;0;0;0;0;0;0;0;0;0;0;0;0;0;0;0;0;0;0;0;0;0;0;0;0;0;0;0;0;0;0;0;0;0;0;0;0;0;0;0;0;0;0;0;0;9.85007E-5;0;0;5.0004688E-5;0;0.0010329338;0;0;0;0;0;0;0;0;0;0;0;0;0;0;0;0;0;0;0;0;0;0;0;0;0;0;0;0;0;0;0;0;0;0;0;0;0;0;0;0;0;0;0;0;0;0;0;0;0;0;0;0;0;0;0;0;0;0;0;0;0;0;0;0;0;0;0;0;0;0;0;0;0;0;0;0;0;0;0;0;0;0;0;0;0;0;0;0;0;0;0;0;0;0;0;0;0
Cameroon;0;0;0;0;0;0;0;0;0;0;0;0;0;0;0;0;0;0;0;0;0;0;0;0;0;0;0;0;0;0;0;0;0;0;0;0;0;0;0;0;0;0;0;0;0;0;0;0;0.0010932108;0;0;0;0;0.0013043617;0;0;0;0;0;0;0;0;0.0011244427;0;0;0;0;0;0.0029354861;0;0;0;0;0;0;0;0;0;0;0;0;0;0;0;0;0;0;0;0;0;0;0;0;0;0;0;0;0;0;0;0;0;0;0;0;0;0;0;0;0;0;0;0;0;0;0;0;0;0;0;0;0;0;0;0;0;0;0;0;0;0;0;0;0;0;0;0;0;0;0;0;0;0;0;0;0;0;0;0;0;0
Lebanon;0;0;0;0;0;0;0;0;0;0;0;0;0;0;0;0;0;0;0;0;0;0;0;0;0;0;0;0;0;0;0;0;0;0;0;0;0;0;0;0;0;0;0;0;0;0;0;0;3.0138274E-4;0;0;0;0;0;0;0;0;0;0;0;0;0;0;0;0;0;0;0;0;0;0;0;0;0;0;0;0;0;0;0;0;0;0;0;0;0;0;0;0;0;0;0;0;0;0;0;0;0;0;0;0;0;0;0;0;0;0;0;0;0;0;0;0;0;0;0;0;0;0;0;0;0;0;0;0;0;0;0;0;0;0;0;0;0;0;0;0;0;0;0;0;0;0;0;0;0;0;0;0;0;0
Armenia;0;0;0;0;0;0;0;0;0;0;0;0;0;0;0;0;0;0;0;0;0;0;0;0;0;0;0;0;0;0;0;0;0;0;0;0;0;0;0;0;0;0;0;0;0;0;0;0;0;6.488455E-5;0;0;0;0;0;0;0;0;0;0;0;0;1.20592405E-4;0;0;0;0;0;0;0;0;0;0;0;0;0;0;0;0;0;0;0;0;0;0;0;0;0;0;0;0;0;0;0;0;0;0;0;0;0;0;0;0;0;0;0;0;0;0;0;0;0;0;0;0;0;0;0;0;0;0;0;0;0;0;0;0;0;0;0;0;0;0;0;0;0;0;0;0;0;0;0;0;0;0;0;0;0;0;0;0
Slovakia;0;0;0;0;0;0;0;0;0;0;0;0;0;0;0;0;0;0;0;0;0;0;0;0;0;0;0;0;0;0;0;0;0;0;0;0;0;0;0;0;0;0;0;0;0;0;0;0;0;4.3515392E-5;0;1.7979626E-4;0;0;0;0;0;0;0;0;0;0;2.4878973E-4;0;0;0;0;0;0;0;0;0;0;0;0;0;0;0;0;0;0;0;0;0;0;0;0;0;0;0;0;0;0;0;0;0;0;0;0;0;0;0;0;0;0;0;0;0;0;0;0;0;0;0;0;0;0;0;0;0;0;0;0;0;0;0;0;0;0;0;0;0.015677376;0;0;0;0;0;0;0;0.010153895;5.149662E-4;0;0;0;0;0;0;0;0;0;0
Albania;0;0;0;0;0;0;0;0;0;0;0;0;0;0;0;0;0;0;0;0;0;0;0;0;0;0;0;0;0;0;0;0;0;0;0;0;0;0;0;0;0;0;0;0;0;0;0;0;0;0;0;0.001444253;0;0;0;0;0;0;0;0;0;0;0;0;0;0;0;0;0.0015928448;0;0;0;0;0;0;0;0;0;0;0;0;0;0;0;0;0;0;0;0;0;0;0;0;0;0;0;0;0;0;0;0;0;0;0;0;0;0;0;0;0;0;0;0;0;0;0;0;0;0;0;0;0;0;0;0;0;0;0;0;0;0;0;0;0;0;0;0;0;0;0;0;0;0;0;0;0;0;0;0;0;0
Malawi;0;0;0;0;0;0;0;0;0;0;0;0;0;0;0;0;0;0;0;0;0;0;0;0;0;0;0;0;0;0;0;0;0;0;0;0;0;0;0;0;0;0;0;0;0;0;0;0;0;0;0;4.77986E-5;0;0;0;0;0;0;0;0;0;0;0;0;0;0;0;0;0;0;0;0;0;0;0;0;0;0;0;0;0;0;0;0;0;0;0;0;0;0;0;0;0;0;0;0;0;0;0;0;0;0;0;0;0;0;0;0;0;0;0;0;0;0;0;0;0;0;0;0;0;0;0;0;0;0;0;0;0;0;0;0;0;0;0;0;0;0;0;0;0;0;0;0;0;0;0;0;0;0;0
Ethiopia;0;0;0;0;0;0;0;0;0;0;0;0;0;0;0;0;0;0;0;0;0;0;0;0;0;0;0;0;0;0;0;0;0;0;0;0;0;0;0;0;0;0;0;0;0;0;0;0;0;0;0;0;0;0;1.0179224E-4;0;0;0;0;0;0;0;0.0010266651;0;0;0;0;0;0;0;0;0;0;0;0;0;0;0;0;0;0;0;0;0;0;0;0;0;0;0;0;0;0;0;0;0;0;0;0;0;0;0;0;0;0;0;0;0;0;0;0;0;0;0;0;0;0;0;0;0;0;0;0;0;0;0;0;0;0;0;0;0;0;0;0;0;0;0;0;0;0;0;0;0;0;0;0;0;0;0;0
Iraq;0;0;0;0;0;0;0;0;0;0;0;0;0;0;0;0;0;0;0;0;0;0;0;0;0;0;0;0;0;0;0;0;0;0;0;0;0;0;0;0;0;0;0;0;0;0;0;0;0;0;0;0;0;4.955878E-4;0;0;0;0;0;0;0;0;0;0;0;0;0;0;0;0;0;0;0;0;0;0;0;0;0;0;0;0;0;0;0;0;0;0;0;0;0;0;0;0;0;0;0;0;0;0;0;0;0;0;0;0;0;0;0;0;0;0;0;0;0;0;0;0;0;0;0;0;0;0;0;0;0;0;0;0;0;0;0;0;0;0;0;0;0;0;0;0;0;0;0;0;0;0;0;0;0
Mongolia;0;0;0;0;0;0;0;0;0;0;0;0;0;0;0;0;0;0;0;0;0;0;0;0;0;0;0;0;0;0;0;0;0;0;0;0;0;0;0;0;0;0;0;0;0;0;0;0;0;0;0;0;0;0;0;0;0;3.8776168E-4;0;0;0;0;0;0;0;0;0;0;0;0;0;0;0;0;0;0;0;0;0;0;0;0;0;0;0;0;0;0;0;0;0;0;0;0;0;0;0;0;0;0;0;0;0;0;0;0;0;0;0;0;0;0;0;0;0;0;0;0;0;0;0;0;0;0;0;0;0;0;0;0;0;0;0;0;0;0;0;0;0;0;0;0;0;0;0;0;0;0;0;0;0
